,neuron_id,cell_type,synapse_type,IO
0,29,KCs,excitatory,output
1,37365,,,input
2,40045,,,input
3,40152,,,input
4,677717,KCs,excitatory,output
5,766246,,,input
6,858479,DN-SEZs,mixed,output
7,865151,DN-SEZs,mixed,output
8,867393,PNs,excitatory,output
9,869360,DN-SEZs,mixed,output
10,891237,,,input
11,900032,,,input
12,902038,,,input
13,902877,,,input
14,945309,,,input
15,946481,,,input
16,992646,DN-SEZs,mixed,output
17,1011675,,,input
18,1042538,,,input
19,1065967,DN-VNCs,mixed,output
20,1137946,PNs-somato,excitatory,output
21,1141813,PNs-somato,excitatory,output
22,1347886,,,input
23,1351125,,,input
24,1367171,,,input
25,1375101,,,input
26,1377586,,,input
27,1391179,,,input
28,1392771,,,input
29,1395971,,,input
30,1398253,,,input
31,1400725,,,input
32,1405493,,,input
33,1406463,,,input
34,1414206,,,input
35,1415168,,,input
36,1419315,,,input
37,1427012,,,input
38,1428271,,,input
39,1429969,,,input
40,1431256,,,input
41,1432836,,,input
42,1435466,,,input
43,1591270,pre-DN-VNCs,mixed,output
44,1622901,DN-VNCs,mixed,output
45,1646076,pre-DN-VNCs,mixed,output
46,1678567,DN-VNCs,mixed,output
47,1679034,pre-DN-VNCs,mixed,output
48,1690576,,,input
49,1706716,,,input
50,1709802,,,input
51,1715990,,,input
52,1805406,,,output
53,1805418,pre-DN-SEZs,mixed,output
54,1805669,pre-DN-VNCs,mixed,output
55,1856512,,,input
56,1868538,pre-DN-VNCs,mixed,output
57,1869592,,,output
58,1924051,DN-SEZs,mixed,output
59,1961182,pre-DN-VNCs,mixed,output
60,1980134,DN-VNCs,mixed,output
61,2123422,,,input
62,2142817,pre-DN-SEZs,mixed,output
63,2200028,,,input
64,2204467,PNs,excitatory,
65,2206279,,,input
66,2209091,,,input
67,2215247,,,input
68,2215447,,,input
69,2215622,,,input
70,2216131,,,input
71,2216187,,,input
72,2216445,,,input
73,2260755,RGNs,inhibitory,
74,2283495,RGNs,inhibitory,
75,2284021,,,input
76,2340336,,,input
77,2355126,RGNs,inhibitory,
78,2357110,RGNs,inhibitory,
79,2369444,LHNs,excitatory,output
80,2379529,LHNs,excitatory,output
81,2379544,,,output
82,2432564,PNs,excitatory,output
83,2438653,pre-DN-VNCs,mixed,output
84,2439067,LHNs,excitatory,output
85,2439134,LHNs,excitatory,output
86,2439150,LHNs,excitatory,output
87,2456826,,,input
88,2504517,pre-DN-VNCs,mixed,output
89,2505266,PNs-somato,excitatory,output
90,2506050,MBINs,mixed,output
91,2511238,,,input
92,2512602,,,
93,2532841,,,input
94,2544902,,,input
95,2552701,,,input
96,2557644,DN-SEZs,mixed,output
97,2568465,PNs,excitatory,output
98,2568522,PNs,excitatory,output
99,2571761,,,input
100,2582391,,,input
101,2584838,,,input
102,2597151,pre-DN-VNCs,mixed,output
103,2608843,,,input
104,2610744,,,input
105,2611805,,,input
106,2612527,PNs,excitatory,output
107,2619565,,,input
108,2628785,PNs,excitatory,output
109,2648254,DN-SEZs,mixed,output
110,2650887,pre-DN-VNCs,mixed,output
111,2652641,,,output
112,2655798,DN-SEZs,mixed,output
113,2659386,RGNs,inhibitory,
114,2659504,pre-DN-VNCs,mixed,output
115,2660767,,,
116,2663649,,,
117,2667061,CNs,mixed,output
118,2667980,,,output
119,2669331,,,
120,2669844,DN-VNCs,mixed,output
121,2670619,DN-SEZs,mixed,output
122,2772093,pre-DN-VNCs,mixed,output
123,2775707,PNs,excitatory,
124,2775943,PNs,excitatory,
125,2776773,LNs,inhibitory,output
126,2784471,,,input
127,2797480,pre-DN-VNCs,mixed,output
128,2816457,,,input
129,2842451,,,output
130,2846555,PNs-somato,excitatory,output
131,2852273,RGNs,inhibitory,
132,2854715,,,output
133,2878185,,,output
134,2881070,PNs-somato,excitatory,output
135,2885630,PNs-somato,excitatory,output
136,2910892,PNs-somato,excitatory,output
137,2911847,PNs-somato,excitatory,output
138,2914206,LHNs,excitatory,output
139,2920061,LNs,inhibitory,output
140,2920554,LNs,inhibitory,output
141,2921933,LNs,inhibitory,output
142,2932028,LHNs,excitatory,output
143,2935173,LHNs,excitatory,output
144,2935198,LNs,inhibitory,output
145,2963280,LHNs,excitatory,output
146,2964760,pre-DN-VNCs,mixed,output
147,2966602,MB-FBNs,inhibitory,output
148,2979486,LHNs,excitatory,output
149,2979675,pre-DN-VNCs,mixed,output
150,2988292,pre-DN-VNCs,mixed,output
151,3002410,PNs,excitatory,output
152,3009700,DN-VNCs,mixed,output
153,3010486,pre-DN-VNCs,mixed,output
154,3021609,pre-DN-VNCs,mixed,output
155,3027876,DN-SEZs,mixed,output
156,3032520,,,input
157,3036249,,,input
158,3043970,,,output
159,3044500,DN-SEZs,mixed,output
160,3046503,,,
161,3048606,DN-VNCs,mixed,output
162,3050645,,,input
163,3054101,,,input
164,3058132,pre-DN-VNCs,mixed,output
165,3060480,pre-DN-VNCs,mixed,output
166,3061422,,,output
167,3071301,,,input
168,3093284,,,input
169,3122533,,,
170,3123905,,,input
171,3149791,pre-DN-VNCs,mixed,output
172,3157405,MB-FBNs,inhibitory,output
173,3158085,pre-DN-VNCs,mixed,output
174,3158123,LHNs,excitatory,output
175,3158543,,,input
176,3163105,,,output
177,3166745,,,output
178,3166836,,,output
179,3167039,,,output
180,3180681,pre-DN-SEZs,mixed,output
181,3182103,pre-DN-SEZs,mixed,output
182,3192952,,,input
183,3199456,,,input
184,3220616,,,input
185,3232277,CNs,mixed,
186,3232808,LHNs,excitatory,output
187,3234817,LNs,inhibitory,output
188,3235409,,,output
189,3251140,,,output
190,3267019,,,input
191,3272218,,,output
192,3276003,pre-DN-VNCs,mixed,output
193,3281684,RGNs,inhibitory,
194,3299214,MBONs,excitatory,output
195,3347708,KCs,excitatory,output
196,3347834,KCs,excitatory,output
197,3410499,,,input
198,3410506,,,input
199,3414508,DN-SEZs,mixed,output
200,3436420,DN-SEZs,mixed,output
201,3450442,PNs,excitatory,output
202,3450751,PNs,excitatory,output
203,3464773,,,input
204,3465659,,,input
205,3486381,PNs,excitatory,output
206,3486867,DN-SEZs,mixed,output
207,3487306,,,input
208,3497901,KCs,excitatory,output
209,3498479,DN-SEZs,mixed,output
210,3511996,,,input
211,3522293,KCs,excitatory,output
212,3538129,PNs,excitatory,output
213,3539170,DN-SEZs,mixed,output
214,3543931,PNs,excitatory,output
215,3547397,,,input
216,3556191,,,input
217,3561724,RGNs,inhibitory,
218,3562954,,,input
219,3564452,,,input
220,3565102,,,
221,3571478,,,input
222,3586984,,,input
223,3587612,KCs,excitatory,output
224,3592997,,,input
225,3595837,DN-VNCs,mixed,output
226,3598000,DN-VNCs,mixed,output
227,3605630,,,
228,3608397,,,input
229,3609202,,,input
230,3620633,DN-VNCs,mixed,output
231,3639968,,,input
232,3650006,PNs,excitatory,output
233,3650600,,,input
234,3652587,,,input
235,3664102,KCs,excitatory,output
236,3679411,,,
237,3690921,PNs,excitatory,output
238,3694515,,,input
239,3707204,,,output
240,3708875,,,input
241,3716797,,,input
242,3726990,,,output
243,3727004,RGNs,inhibitory,
244,3727026,RGNs,inhibitory,
245,3729496,DN-SEZs,mixed,output
246,3729504,PNs,excitatory,output
247,3732322,DN-SEZs,mixed,output
248,3756659,PNs,excitatory,output
249,3762317,DN-SEZs,mixed,output
250,3762787,RGNs,inhibitory,
251,3764792,DN-VNCs,mixed,output
252,3765728,,,output
253,3765735,pre-DN-VNCs,mixed,output
254,3768025,,,input
255,3771794,,,input
256,3774568,,,input
257,3790004,,,input
258,3793681,PNs,excitatory,output
259,3793760,PNs-somato,excitatory,output
260,3794023,LHNs,excitatory,output
261,3795424,,,input
262,3795498,,,input
263,3797420,DN-SEZs,mixed,output
264,3805641,LNs,inhibitory,output
265,3806573,LNs,inhibitory,output
266,3806652,DN-SEZs,mixed,output
267,3813723,,,input
268,3814175,LHNs,excitatory,output
269,3814635,PNs,excitatory,output
270,3814651,LHNs,excitatory,output
271,3814701,DN-SEZs,mixed,output
272,3814853,LHNs,excitatory,output
273,3815483,LHNs,excitatory,output
274,3819157,KCs,excitatory,output
275,3819171,KCs,excitatory,output
276,3819859,,,output
277,3820148,LNs,inhibitory,output
278,3822523,,,input
279,3827211,,,input
280,3840345,,,input
281,3844799,PNs,excitatory,output
282,3844961,PNs,excitatory,output
283,3848843,PNs,excitatory,
284,3862443,PNs-somato,excitatory,output
285,3865952,,,input
286,3869488,PNs,excitatory,output
287,3872653,,,input
288,3882998,DN-SEZs,mixed,output
289,3885215,,,input
290,3886356,MBINs,mixed,output
291,3890028,MBINs,mixed,output
292,3893195,,,input
293,3896629,,,input
294,3913613,LNs,inhibitory,output
295,3913620,CNs,mixed,output
296,3913629,LHNs,excitatory,output
297,3915835,,,input
298,3925724,RGNs,inhibitory,
299,3926438,RGNs,inhibitory,
300,3926669,RGNs,inhibitory,
301,3926904,RGNs,inhibitory,
302,3928522,RGNs,inhibitory,
303,3928574,RGNs,inhibitory,
304,3928652,RGNs,inhibitory,
305,3930411,LHNs,excitatory,output
306,3931398,PNs-somato,excitatory,output
307,3932136,LHNs,excitatory,output
308,3944330,DN-SEZs,mixed,output
309,3944626,DN-SEZs,mixed,output
310,3945136,pre-DN-VNCs,mixed,output
311,3945225,PNs,excitatory,output
312,3945232,PNs,excitatory,output
313,3945246,LNs,inhibitory,output
314,3945394,PNs,excitatory,output
315,3945454,PNs,excitatory,output
316,3945756,pre-DN-VNCs,mixed,output
317,3946166,DN-VNCs,mixed,output
318,3946364,,,output
319,3946432,LHNs,excitatory,output
320,3946569,LHNs,excitatory,output
321,3954014,,,input
322,3958234,,,input
323,3963891,,,input
324,3966683,,,input
325,3979181,DN-VNCs,mixed,output
326,3980315,,,input
327,3985829,,,input
328,4017089,,,input
329,4017464,pre-DN-VNCs,mixed,output
330,4022539,MBONs,excitatory,output
331,4023881,,,input
332,4030526,,,input
333,4044654,,,input
334,4059758,,,input
335,4061049,,,input
336,4067286,LHNs,excitatory,output
337,4073353,,,input
338,4076389,,,input
339,4096703,,,input
340,4097554,,,input
341,4099900,LHNs,excitatory,output
342,4101295,LNs,inhibitory,output
343,4101621,LHNs,excitatory,output
344,4102413,LNs,inhibitory,output
345,4103336,MB-FBNs,inhibitory,output
346,4108016,PNs,excitatory,output
347,4108720,LHNs,excitatory,output
348,4110483,DN-VNCs,mixed,output
349,4114133,MB-FBNs,inhibitory,output
350,4116174,DN-SEZs,mixed,output
351,4117305,KCs,excitatory,output
352,4119387,PNs,excitatory,output
353,4127096,pre-DN-VNCs,mixed,output
354,4127707,LHNs,excitatory,output
355,4127911,,,output
356,4127926,pre-DN-VNCs,mixed,output
357,4127938,,,output
358,4127944,,,output
359,4128002,PNs-somato,excitatory,output
360,4130960,PNs-somato,excitatory,output
361,4134539,KCs,excitatory,output
362,4142619,pre-DN-VNCs,mixed,output
363,4144377,MB-FBNs,inhibitory,output
364,4152020,,,output
365,4152272,MB-FBNs,inhibitory,output
366,4154421,PNs,excitatory,output
367,4173633,pre-DN-VNCs,mixed,output
368,4180774,MB-FBNs,inhibitory,output
369,4185530,PNs-somato,excitatory,output
370,4188290,DN-VNCs,mixed,output
371,4188325,pre-DN-VNCs,mixed,output
372,4190567,MB-FBNs,inhibitory,output
373,4195012,MBONs,excitatory,output
374,4199033,MB-FBNs,inhibitory,output
375,4201020,PNs-somato,excitatory,output
376,4201555,MB-FBNs,inhibitory,output
377,4206755,,,input
378,4214582,CNs,mixed,output
379,4215611,DN-SEZs,mixed,output
380,4227304,KCs,excitatory,output
381,4227544,KCs,excitatory,output
382,4227831,,,output
383,4227880,pre-DN-VNCs,mixed,output
384,4228105,pre-DN-VNCs,mixed,output
385,4228119,,,output
386,4229950,KCs,excitatory,output
387,4230061,KCs,excitatory,output
388,4230739,KCs,excitatory,output
389,4230749,MBONs,excitatory,output
390,4234009,MBONs,excitatory,output
391,4234016,MB-FFNs,inhibitory,output
392,4234559,,,output
393,4235139,MBINs,mixed,output
394,4241192,KCs,excitatory,output
395,4241237,MBONs,excitatory,output
396,4247099,LNs,inhibitory,output
397,4260935,PNs,excitatory,output
398,4274518,pre-DN-VNCs,mixed,output
399,4279887,LHNs,excitatory,output
400,4311241,pre-DN-VNCs,mixed,output
401,4311586,PNs,excitatory,output
402,4319395,LHNs,excitatory,output
403,4324479,pre-DN-VNCs,mixed,output
404,4324567,pre-DN-VNCs,mixed,output
405,4324898,PNs,excitatory,output
406,4327684,PNs,excitatory,output
407,4337398,MB-FBNs,inhibitory,output
408,4338596,,,input
409,4346154,,,output
410,4354933,PNs,excitatory,output
411,4363883,,,input
412,4379508,LHNs,excitatory,output
413,4379603,LHNs,excitatory,output
414,4381129,MBINs,mixed,output
415,4381377,MBINs,mixed,output
416,4390116,pre-DN-VNCs,mixed,output
417,4391317,LHNs,excitatory,output
418,4391978,PNs,excitatory,output
419,4393026,LHNs,excitatory,output
420,4393049,PNs,excitatory,output
421,4393350,PNs-somato,excitatory,output
422,4398543,CNs,mixed,output
423,4400767,RGNs,inhibitory,
424,4401350,MBONs,excitatory,output
425,4408362,,,output
426,4408369,,,output
427,4408397,MB-FBNs,inhibitory,output
428,4409374,,,output
429,4411505,KCs,excitatory,output
430,4411542,CNs,mixed,output
431,4411688,MB-FBNs,inhibitory,output
432,4412036,KCs,excitatory,output
433,4412315,KCs,excitatory,output
434,4414163,MBINs,mixed,output
435,4414184,MBINs,mixed,output
436,4414426,KCs,excitatory,output
437,4415241,KCs,excitatory,output
438,4422289,LHNs,excitatory,output
439,4433197,,,output
440,4433960,CNs,mixed,output
441,4444354,KCs,excitatory,output
442,4453485,RGNs,inhibitory,
443,4473922,MB-FBNs,inhibitory,output
444,4493199,PNs,excitatory,output
445,4506509,RGNs,inhibitory,
446,4514494,MB-FBNs,inhibitory,output
447,4515496,,,output
448,4518546,KCs,excitatory,output
449,4523584,RGNs,inhibitory,
450,4523803,RGNs,inhibitory,
451,4541081,DN-SEZs,mixed,output
452,4555763,,,input
453,4570270,LNs,inhibitory,
454,4575178,CNs,mixed,output
455,4591713,pre-DN-VNCs,mixed,output
456,4595609,,,input
457,4598109,MBONs,excitatory,output
458,4598363,MBONs,excitatory,output
459,4607160,,,output
460,4617479,MB-FBNs,inhibitory,output
461,4620453,,,
462,4635057,LHNs,excitatory,output
463,4636432,LNs,inhibitory,output
464,4637677,,,output
465,4651929,PNs,excitatory,output
466,4663875,pre-DN-VNCs,mixed,output
467,4664256,PNs-somato,excitatory,output
468,4665186,LNs,inhibitory,output
469,4665627,MB-FFNs,inhibitory,output
470,4679139,PNs,excitatory,output
471,4680995,LHNs,excitatory,output
472,4700078,PNs,excitatory,output
473,4721087,,,output
474,4721538,LHNs,excitatory,output
475,4749004,pre-DN-VNCs,mixed,output
476,4778745,LHNs,excitatory,output
477,4780707,LHNs,excitatory,output
478,4785242,LNs,inhibitory,output
479,4812481,pre-DN-VNCs,mixed,output
480,4847079,pre-DN-VNCs,mixed,output
481,4849988,PNs-somato,excitatory,output
482,4876704,,,output
483,4876839,pre-DN-VNCs,mixed,output
484,4884579,MBINs,mixed,output
485,4901087,pre-DN-VNCs,mixed,output
486,4917442,pre-DN-VNCs,mixed,output
487,4919895,,,
488,4926999,LNs,inhibitory,output
489,4966994,pre-DN-VNCs,mixed,output
490,4982172,KCs,excitatory,output
491,4983938,PNs,excitatory,output
492,4985759,,,
493,4991243,DN-SEZs,mixed,output
494,5010581,DN-VNCs,mixed,output
495,5019924,KCs,excitatory,output
496,5033480,pre-DN-VNCs,mixed,output
497,5038920,DN-SEZs,mixed,output
498,5051342,KCs,excitatory,output
499,5052370,DN-VNCs,mixed,output
500,5053417,PNs,excitatory,output
501,5057916,,,input
502,5080991,pre-DN-VNCs,mixed,output
503,5088293,,,input
504,5090549,,,input
505,5091874,MB-FBNs,inhibitory,output
506,5093516,,,input
507,5095269,,,input
508,5108525,,,input
509,5116147,,,input
510,5116861,,,input
511,5118060,LHNs,excitatory,output
512,5120097,,,input
513,5120990,,,input
514,5134110,pre-DN-VNCs,mixed,output
515,5162462,pre-DN-VNCs,mixed,output
516,5163599,,,output
517,5164129,pre-DN-VNCs,mixed,output
518,5167842,pre-DN-VNCs,mixed,output
519,5169587,,,output
520,5186443,,,output
521,5186461,,,input
522,5247102,LNs,inhibitory,output
523,5261424,PNs,excitatory,output
524,5289042,LHNs,excitatory,output
525,5291791,LNs,inhibitory,output
526,5319633,DN-VNCs,mixed,output
527,5321459,MB-FBNs,inhibitory,output
528,5322337,LNs,inhibitory,output
529,5326407,pre-DN-SEZs,mixed,output
530,5327961,PNs,excitatory,output
531,5343578,,,input
532,5369028,pre-DN-VNCs,mixed,output
533,5382876,,,input
534,5395823,MBONs,excitatory,output
535,5448622,,,input
536,5453333,LHNs,excitatory,output
537,5462159,DN-VNCs,mixed,output
538,5474852,LNs,inhibitory,output
539,5476653,pre-DN-SEZs,mixed,output
540,5478818,DN-SEZs,mixed,output
541,5480553,PNs,excitatory,output
542,5484314,,,output
543,5500958,DN-VNCs,mixed,output
544,5503982,pre-DN-VNCs,mixed,output
545,5507096,LHNs,excitatory,output
546,5512988,DN-VNCs,mixed,output
547,5516552,MB-FBNs,inhibitory,output
548,5523203,,,
549,5545085,PNs-somato,excitatory,output
550,5558724,DN-SEZs,mixed,output
551,5559657,DN-SEZs,mixed,output
552,5560620,PNs,excitatory,output
553,5577650,,,output
554,5585799,LHNs,excitatory,output
555,5590611,PNs,excitatory,output
556,5591201,PNs,excitatory,output
557,5592307,PNs,excitatory,output
558,5606265,,,input
559,5617164,,,input
560,5638694,,,input
561,5656152,,,output
562,5657004,pre-DN-VNCs,mixed,output
563,5669107,CNs,mixed,output
564,5671303,pre-DN-VNCs,mixed,output
565,5675990,pre-DN-VNCs,mixed,output
566,5678582,,,output
567,5679304,MB-FFNs,inhibitory,output
568,5680013,DN-VNCs,mixed,output
569,5681132,MB-FBNs,inhibitory,output
570,5684940,DN-SEZs,mixed,output
571,5688091,DN-SEZs,mixed,output
572,5689639,,,
573,5690425,DN-VNCs,mixed,output
574,5691934,PNs-somato,excitatory,output
575,5700090,pre-DN-VNCs,mixed,output
576,5704424,,,output
577,5708994,PNs,excitatory,output
578,5712849,,,output
579,5730322,pre-DN-VNCs,mixed,output
580,5734134,,,output
581,5738449,MB-FBNs,inhibitory,output
582,5744058,PNs-somato,excitatory,output
583,5744502,,,output
584,5745110,pre-DN-VNCs,mixed,output
585,5745929,pre-DN-VNCs,mixed,output
586,5746180,pre-DN-VNCs,mixed,output
587,5747036,,,output
588,5750884,PNs-somato,excitatory,output
589,5754346,DN-VNCs,mixed,output
590,5755261,PNs-somato,excitatory,output
591,5760480,pre-DN-VNCs,mixed,output
592,5762666,LHNs,excitatory,output
593,5763407,DN-VNCs,mixed,
594,5764924,DN-SEZs,mixed,output
595,5767836,,,output
596,5768240,pre-DN-SEZs,mixed,output
597,5769582,PNs-somato,excitatory,output
598,5771934,,,output
599,5778133,pre-DN-VNCs,mixed,
600,5782947,pre-DN-VNCs,mixed,output
601,5783868,CNs,mixed,output
602,5786898,pre-DN-VNCs,mixed,output
603,5790355,pre-DN-VNCs,mixed,output
604,5791548,CNs,mixed,output
605,5794678,DN-VNCs,mixed,output
606,5805651,pre-DN-VNCs,mixed,output
607,5816138,pre-DN-VNCs,mixed,output
608,5835799,KCs,excitatory,output
609,5835815,KCs,excitatory,output
610,5836035,KCs,excitatory,output
611,5836163,KCs,excitatory,output
612,5836181,KCs,excitatory,output
613,5836197,KCs,excitatory,output
614,5836206,KCs,excitatory,output
615,5836387,KCs,excitatory,output
616,5855343,,,output
617,5856647,pre-DN-VNCs,mixed,output
618,5858788,,,
619,5859372,pre-DN-VNCs,mixed,output
620,5865628,,,output
621,5869204,RGNs,inhibitory,
622,5870071,MB-FBNs,inhibitory,output
623,5874480,,,output
624,5890323,RGNs,inhibitory,
625,5893912,pre-DN-VNCs,mixed,output
626,5895651,pre-DN-VNCs,mixed,output
627,5898284,pre-DN-VNCs,mixed,output
628,5900426,DN-VNCs,mixed,output
629,5902352,pre-DN-VNCs,mixed,output
630,5934511,MB-FBNs,inhibitory,output
631,5935744,pre-DN-VNCs,mixed,output
632,5936935,pre-DN-VNCs,mixed,output
633,5937084,KCs,excitatory,output
634,5938794,LHNs,excitatory,output
635,5946241,PNs-somato,excitatory,output
636,5955853,RGNs,inhibitory,
637,5956787,RGNs,inhibitory,
638,5959820,pre-DN-SEZs,mixed,output
639,5963873,LHNs,excitatory,output
640,5966099,MBINs,mixed,output
641,5971400,,,output
642,5973097,pre-DN-SEZs,mixed,output
643,5975584,,,output
644,5976168,DN-SEZs,mixed,output
645,5993001,DN-SEZs,mixed,
646,5993765,,,
647,5995125,DN-VNCs,mixed,output
648,5996485,DN-SEZs,mixed,output
649,6011278,,,output
650,6049565,pre-DN-VNCs,mixed,output
651,6061068,,,output
652,6111289,,,output
653,6114695,DN-VNCs,mixed,output
654,6125806,DN-VNCs,mixed,output
655,6133702,,,output
656,6143930,pre-DN-VNCs,mixed,output
657,6153877,DN-VNCs,mixed,output
658,6154200,DN-VNCs,mixed,output
659,6154921,DN-VNCs,mixed,output
660,6155577,DN-VNCs,mixed,output
661,6156152,DN-VNCs,mixed,output
662,6182848,PNs-somato,excitatory,output
663,6188181,pre-DN-VNCs,mixed,output
664,6190181,pre-DN-VNCs,mixed,output
665,6193472,pre-DN-VNCs,mixed,output
666,6218461,PNs,excitatory,output
667,6219445,DN-SEZs,mixed,output
668,6219781,LNs,inhibitory,output
669,6220384,PNs,excitatory,output
670,6229682,,,
671,6250655,,,output
672,6252764,PNs,excitatory,output
673,6254216,,,
674,6290724,MB-FBNs,inhibitory,output
675,6298455,pre-DN-VNCs,mixed,output
676,6300434,MB-FFNs,inhibitory,output
677,6317793,DN-SEZs,mixed,output
678,6340439,,,input
679,6445994,DN-SEZs,mixed,output
680,6446394,DN-VNCs,mixed,output
681,6451332,PNs,excitatory,output
682,6494274,LHNs,excitatory,output
683,6494382,LHNs,excitatory,output
684,6554358,DN-SEZs,mixed,output
685,6557581,,,
686,6572414,DN-VNCs,mixed,output
687,6591182,LNs,inhibitory,output
688,6597872,LNs,inhibitory,output
689,6604203,DN-SEZs,mixed,output
690,6609380,pre-DN-VNCs,mixed,output
691,6610913,pre-DN-SEZs,mixed,output
692,6611100,CNs,mixed,output
693,6611894,MBINs,mixed,output
694,6623049,LNs,inhibitory,output
695,6623089,pre-DN-VNCs,mixed,output
696,6633635,PNs-somato,excitatory,output
697,6651098,,,
698,6653450,pre-DN-SEZs,mixed,output
699,6692908,PNs-somato,excitatory,output
700,6699205,MBONs,excitatory,output
701,6700147,DN-VNCs,mixed,output
702,6702830,KCs,excitatory,output
703,6702943,DN-SEZs,mixed,output
704,6703240,MBONs,excitatory,output
705,6704232,KCs,excitatory,output
706,6723364,PNs-somato,excitatory,output
707,6729443,pre-DN-VNCs,mixed,output
708,6791927,,,input
709,6883831,,,input
710,6978516,,,
711,6978585,RGNs,inhibitory,
712,7005145,DN-VNCs,mixed,output
713,7005184,DN-VNCs,mixed,output
714,7012280,,,input
715,7025064,pre-DN-VNCs,mixed,output
716,7025831,pre-DN-VNCs,mixed,output
717,7026287,MB-FBNs,inhibitory,output
718,7053966,CNs,mixed,output
719,7055857,MBONs,excitatory,output
720,7056904,pre-DN-SEZs,mixed,output
721,7057730,pre-DN-VNCs,mixed,output
722,7057894,MBINs,mixed,output
723,7058243,MB-FFNs,inhibitory,output
724,7065182,LNs,inhibitory,output
725,7092086,,,output
726,7092417,PNs,excitatory,output
727,7107433,PNs,excitatory,output
728,7124156,,,input
729,7130033,DN-SEZs,mixed,output
730,7160160,,,input
731,7168356,pre-DN-VNCs,mixed,output
732,7184082,,,input
733,7187384,KCs,excitatory,output
734,7196392,KCs,excitatory,output
735,7198338,PNs,excitatory,output
736,7215582,,,
737,7227010,DN-VNCs,mixed,output
738,7283193,,,output
739,7331555,,,input
740,7335439,DN-VNCs,mixed,output
741,7338309,DN-SEZs,mixed,output
742,7340629,,,input
743,7371184,pre-DN-VNCs,mixed,output
744,7388340,pre-DN-SEZs,mixed,output
745,7394271,LNs,inhibitory,output
746,7421507,MB-FFNs,inhibitory,output
747,7422253,pre-DN-VNCs,mixed,output
748,7422595,,,output
749,7424178,,,input
750,7429933,pre-DN-VNCs,mixed,output
751,7431625,LHNs,excitatory,output
752,7439909,,,input
753,7439913,DN-VNCs,mixed,output
754,7449767,pre-DN-VNCs,mixed,output
755,7467027,pre-DN-VNCs,mixed,output
756,7476468,RGNs,inhibitory,
757,7480731,,,input
758,7483922,,,input
759,7485368,,,input
760,7503199,PNs,excitatory,output
761,7515491,PNs,excitatory,output
762,7527710,,,input
763,7529574,RGNs,inhibitory,
764,7530253,RGNs,inhibitory,
765,7540581,MB-FBNs,inhibitory,output
766,7542938,,,input
767,7555204,,,input
768,7555968,PNs,excitatory,output
769,7556564,,,input
770,7557604,pre-DN-VNCs,mixed,output
771,7563413,LNs,inhibitory,output
772,7566199,,,input
773,7568455,,,input
774,7569260,DN-VNCs,mixed,output
775,7571966,DN-VNCs,mixed,output
776,7573476,DN-SEZs,mixed,output
777,7574701,MB-FBNs,inhibitory,output
778,7582412,LNs,inhibitory,output
779,7582489,LHNs,excitatory,output
780,7587948,DN-VNCs,mixed,output
781,7589765,DN-VNCs,mixed,output
782,7590264,DN-VNCs,mixed,output
783,7594047,MB-FBNs,inhibitory,output
784,7600311,LNs,inhibitory,output
785,7612147,LHNs,excitatory,output
786,7616956,MBINs,mixed,output
787,7627878,,,input
788,7658146,,,input
789,7688300,pre-DN-VNCs,mixed,output
790,7690945,KCs,excitatory,output
791,7692008,,,output
792,7694589,LNs,inhibitory,
793,7700444,pre-DN-VNCs,mixed,output
794,7719118,LHNs,excitatory,output
795,7719547,,,input
796,7766016,,,input
797,7778722,,,input
798,7786053,KCs,excitatory,output
799,7802210,MBONs,excitatory,output
800,7807684,,,output
801,7828725,KCs,excitatory,output
802,7829784,KCs,excitatory,output
803,7838405,KCs,excitatory,output
804,7840203,KCs,excitatory,output
805,7840791,MBONs,excitatory,output
806,7843730,PNs,excitatory,output
807,7845346,PNs,excitatory,output
808,7851153,PNs,excitatory,
809,7852250,PNs,excitatory,output
810,7864823,PNs,excitatory,output
811,7865652,PNs,excitatory,output
812,7865696,PNs,excitatory,output
813,7865767,PNs,excitatory,output
814,7868195,KCs,excitatory,output
815,7873135,PNs,excitatory,output
816,7874184,PNs,excitatory,
817,7891312,KCs,excitatory,output
818,7897051,LNs,inhibitory,output
819,7897469,MBONs,excitatory,output
820,7901791,MBINs,mixed,output
821,7910624,MBONs,excitatory,output
822,7916593,PNs,excitatory,output
823,7939890,,,
824,7939979,,,
825,7941642,LNs,inhibitory,output
826,7941652,LNs,inhibitory,output
827,7952981,PNs,excitatory,output
828,7955278,DN-SEZs,mixed,output
829,7962986,,,output
830,7971031,LHNs,excitatory,output
831,7977834,LHNs,excitatory,output
832,7980189,CNs,mixed,output
833,7980369,MB-FBNs,inhibitory,output
834,7982307,DN-VNCs,mixed,output
835,7982324,DN-SEZs,mixed,output
836,7982896,LHNs,excitatory,output
837,7983899,MBINs,mixed,output
838,8005609,,,input
839,8012953,PNs,excitatory,output
840,8019816,MB-FBNs,inhibitory,output
841,8021456,PNs,excitatory,output
842,8025665,pre-DN-VNCs,mixed,output
843,8034919,LHNs,excitatory,output
844,8037197,LNs,inhibitory,output
845,8047280,DN-VNCs,mixed,output
846,8052161,MB-FBNs,inhibitory,output
847,8055671,,,input
848,8057753,,,input
849,8059283,,,input
850,8065380,,,output
851,8065771,LHNs,excitatory,output
852,8066411,,,
853,8066542,KCs,excitatory,output
854,8068173,KCs,excitatory,output
855,8069365,LHNs,excitatory,output
856,8069432,PNs,excitatory,output
857,8069478,LHNs,excitatory,output
858,8070872,pre-DN-SEZs,mixed,output
859,8075484,LNs,inhibitory,output
860,8078096,MB-FBNs,inhibitory,output
861,8094859,MBONs,excitatory,output
862,8102935,LNs,inhibitory,output
863,8111135,PNs,excitatory,output
864,8118474,KCs,excitatory,output
865,8118929,PNs,excitatory,
866,8118947,MB-FBNs,inhibitory,output
867,8124177,PNs,excitatory,output
868,8127390,pre-DN-VNCs,mixed,output
869,8127911,,,
870,8132513,,,output
871,8138616,LHNs,excitatory,output
872,8140109,PNs,excitatory,output
873,8142831,pre-DN-VNCs,mixed,output
874,8154054,DN-SEZs,mixed,output
875,8159396,DN-SEZs,mixed,output
876,8161142,pre-DN-VNCs,mixed,output
877,8161148,pre-DN-VNCs,mixed,output
878,8167696,pre-DN-VNCs,mixed,output
879,8177199,LHNs,excitatory,output
880,8177991,KCs,excitatory,output
881,8184598,CNs,mixed,output
882,8193545,,,output
883,8198238,,,
884,8198317,,,
885,8198416,LNs,inhibitory,output
886,8198513,LNs,inhibitory,output
887,8198913,,,input
888,8199012,,,input
889,8199671,LNs,inhibitory,output
890,8203947,LHNs,excitatory,output
891,8216541,DN-SEZs,mixed,output
892,8227502,DN-SEZs,mixed,output
893,8229118,PNs-somato,excitatory,output
894,8231264,LNs,inhibitory,output
895,8238322,LHNs,excitatory,output
896,8243455,PNs,excitatory,output
897,8244723,PNs,excitatory,output
898,8244823,PNs,excitatory,output
899,8245014,PNs,excitatory,output
900,8245146,PNs,excitatory,
901,8245513,PNs,excitatory,output
902,8245692,PNs,excitatory,output
903,8245869,PNs,excitatory,output
904,8246081,PNs,excitatory,output
905,8246750,PNs,excitatory,output
906,8247315,,,
907,8247451,PNs,excitatory,output
908,8247641,LNs,inhibitory,output
909,8248631,PNs,excitatory,output
910,8248706,KCs,excitatory,output
911,8252067,PNs,excitatory,output
912,8253413,PNs,excitatory,output
913,8253620,pre-DN-VNCs,mixed,output
914,8254894,PNs,excitatory,output
915,8256186,PNs,excitatory,output
916,8257672,,,input
917,8259179,,,
918,8259192,,,
919,8259199,,,
920,8260011,,,
921,8260935,,,
922,8262302,KCs,excitatory,output
923,8262372,KCs,excitatory,output
924,8262503,KCs,excitatory,output
925,8263140,KCs,excitatory,output
926,8263285,KCs,excitatory,output
927,8270683,PNs,excitatory,output
928,8271034,LNs,inhibitory,
929,8271875,pre-DN-VNCs,mixed,output
930,8273369,LNs,inhibitory,output
931,8274021,LNs,inhibitory,output
932,8274902,KCs,excitatory,output
933,8276782,PNs,excitatory,output
934,8293958,PNs,excitatory,output
935,8297018,MBONs,excitatory,output
936,8305958,LHNs,excitatory,output
937,8307514,LHNs,excitatory,output
938,8310087,LHNs,excitatory,output
939,8310955,LHNs,excitatory,output
940,8311264,,,
941,8313802,,,output
942,8318678,KCs,excitatory,
943,8318813,CNs,mixed,output
944,8319311,MBINs,mixed,output
945,8338584,MBONs,excitatory,output
946,8340950,PNs,excitatory,output
947,8347613,LHNs,excitatory,output
948,8347720,pre-DN-VNCs,mixed,output
949,8347907,pre-DN-VNCs,mixed,output
950,8348277,pre-DN-VNCs,mixed,output
951,8349553,LHNs,excitatory,output
952,8357933,DN-SEZs,mixed,output
953,8370111,PNs,excitatory,output
954,8391330,DN-VNCs,mixed,output
955,8393981,KCs,excitatory,output
956,8398900,,,output
957,8399890,PNs,excitatory,output
958,8412625,PNs-somato,excitatory,output
959,8413543,,,output
960,8413663,KCs,excitatory,output
961,8419602,KCs,excitatory,output
962,8423405,LHNs,excitatory,output
963,8427677,KCs,excitatory,output
964,8447845,,,input
965,8451818,CNs,mixed,output
966,8461082,pre-DN-VNCs,mixed,output
967,8469124,LHNs,excitatory,output
968,8471817,pre-DN-SEZs,mixed,output
969,8480221,PNs,excitatory,output
970,8480418,LNs,inhibitory,output
971,8496618,DN-VNCs,mixed,output
972,8504660,KCs,excitatory,output
973,8509534,PNs,excitatory,output
974,8509987,KCs,excitatory,output
975,8513389,KCs,excitatory,output
976,8529400,pre-DN-VNCs,mixed,output
977,8539175,CNs,mixed,output
978,8540770,MB-FBNs,inhibitory,output
979,8542422,PNs,excitatory,output
980,8544824,,,output
981,8546775,pre-DN-SEZs,mixed,output
982,8559525,,,output
983,8559607,KCs,excitatory,output
984,8565131,LHNs,excitatory,output
985,8566140,pre-DN-VNCs,mixed,output
986,8571259,pre-DN-VNCs,mixed,output
987,8572353,pre-DN-VNCs,mixed,output
988,8582134,LHNs,excitatory,output
989,8592501,pre-DN-VNCs,mixed,output
990,8639662,,,output
991,8640212,,,output
992,8641784,,,output
993,8644484,,,input
994,8670503,LHNs,excitatory,output
995,8687096,pre-DN-VNCs,mixed,output
996,8689148,MB-FFNs,inhibitory,output
997,8689674,MBINs,mixed,output
998,8696919,pre-DN-VNCs,mixed,output
999,8697453,PNs-somato,excitatory,output
1000,8698941,LHNs,excitatory,output
1001,8700125,LNs,inhibitory,output
1002,8704079,PNs,excitatory,output
1003,8705088,LHNs,excitatory,output
1004,8709865,pre-DN-VNCs,mixed,output
1005,8710444,pre-DN-VNCs,mixed,output
1006,8711574,LHNs,excitatory,output
1007,8712361,MB-FBNs,inhibitory,output
1008,8715940,,,output
1009,8717042,CNs,mixed,output
1010,8717219,PNs,excitatory,
1011,8723267,LHNs,excitatory,output
1012,8723397,,,
1013,8723983,DN-VNCs,mixed,output
1014,8741619,DN-VNCs,mixed,output
1015,8752697,MB-FBNs,inhibitory,output
1016,8755914,DN-VNCs,mixed,output
1017,8761400,,,
1018,8764750,,,
1019,8765298,,,
1020,8765865,,,
1021,8766921,,,
1022,8773165,,,
1023,8773716,,,
1024,8773879,,,
1025,8792120,,,
1026,8792477,MB-FBNs,inhibitory,output
1027,8798010,MBONs,excitatory,output
1028,8801715,pre-DN-VNCs,mixed,output
1029,8801736,pre-DN-VNCs,mixed,output
1030,8802069,MB-FFNs,inhibitory,output
1031,8805777,PNs-somato,excitatory,output
1032,8809171,,,output
1033,8810141,pre-DN-VNCs,mixed,output
1034,8810739,,,input
1035,8812078,LNs,inhibitory,output
1036,8813113,LHNs,excitatory,output
1037,8814524,PNs-somato,excitatory,
1038,8814922,MB-FBNs,inhibitory,output
1039,8821758,PNs-somato,excitatory,
1040,8826198,PNs-somato,excitatory,output
1041,8835968,KCs,excitatory,output
1042,8838927,MB-FFNs,inhibitory,output
1043,8840343,,,output
1044,8842220,LHNs,excitatory,output
1045,8847957,LHNs,excitatory,output
1046,8850802,KCs,excitatory,output
1047,8864096,KCs,excitatory,output
1048,8864778,,,output
1049,8864785,MB-FBNs,inhibitory,output
1050,8865199,KCs,excitatory,output
1051,8877158,MBONs,excitatory,output
1052,8877795,LNs,inhibitory,output
1053,8877971,LNs,inhibitory,output
1054,8880781,DN-VNCs,mixed,output
1055,8884212,,,output
1056,8891315,KCs,excitatory,output
1057,8912726,,,output
1058,8922644,MBONs,excitatory,output
1059,8924186,KCs,excitatory,output
1060,8932110,,,output
1061,8939384,PNs-somato,excitatory,output
1062,8942413,PNs-somato,excitatory,output
1063,8943485,pre-DN-SEZs,mixed,output
1064,8951591,pre-DN-SEZs,mixed,output
1065,8954310,,,output
1066,8957325,,,
1067,8970595,PNs-somato,excitatory,output
1068,8974428,LHNs,excitatory,output
1069,8978117,,,
1070,8979434,pre-DN-SEZs,mixed,output
1071,8980589,MBONs,excitatory,output
1072,8981761,LHNs,excitatory,output
1073,8993049,pre-DN-SEZs,mixed,output
1074,8995807,PNs,excitatory,output
1075,8997281,KCs,excitatory,output
1076,9006142,CNs,mixed,output
1077,9012340,,,
1078,9015568,LHNs,excitatory,output
1079,9015745,MB-FFNs,inhibitory,output
1080,9034378,pre-DN-VNCs,mixed,output
1081,9037152,PNs-somato,excitatory,output
1082,9039416,,,output
1083,9048462,MB-FFNs,inhibitory,output
1084,9051500,PNs-somato,excitatory,output
1085,9051960,CNs,mixed,output
1086,9057043,MB-FBNs,inhibitory,output
1087,9057998,CNs,mixed,output
1088,9060993,,,
1089,9061235,CNs,mixed,output
1090,9062992,MB-FBNs,inhibitory,output
1091,9064208,MB-FBNs,inhibitory,output
1092,9067063,pre-DN-VNCs,mixed,output
1093,9068024,pre-DN-VNCs,mixed,output
1094,9068346,pre-DN-VNCs,mixed,output
1095,9069084,pre-DN-VNCs,mixed,output
1096,9072237,PNs-somato,excitatory,output
1097,9072560,,,output
1098,9074101,MBONs,excitatory,output
1099,9077224,pre-DN-VNCs,mixed,output
1100,9078240,pre-DN-VNCs,mixed,output
1101,9083312,MB-FBNs,inhibitory,output
1102,9085808,pre-DN-VNCs,mixed,output
1103,9091922,pre-DN-VNCs,mixed,output
1104,9094797,,,output
1105,9097065,pre-DN-VNCs,mixed,output
1106,9103710,,,output
1107,9103732,MB-FBNs,inhibitory,output
1108,9109799,MBONs,excitatory,output
1109,9116228,pre-DN-VNCs,mixed,output
1110,9141404,MB-FBNs,inhibitory,output
1111,9154024,pre-DN-VNCs,mixed,output
1112,9161929,PNs-somato,excitatory,output
1113,9177218,pre-DN-VNCs,mixed,output
1114,9201911,LHNs,excitatory,output
1115,9202326,PNs-somato,excitatory,output
1116,9207332,LHNs,excitatory,output
1117,9212816,CNs,mixed,output
1118,9234420,DN-SEZs,mixed,output
1119,9235545,pre-DN-VNCs,mixed,output
1120,9236708,CNs,mixed,output
1121,9237370,,,output
1122,9237734,pre-DN-VNCs,mixed,output
1123,9238937,MB-FBNs,inhibitory,output
1124,9239759,pre-DN-VNCs,mixed,output
1125,9241349,PNs-somato,excitatory,output
1126,9251793,MB-FBNs,inhibitory,output
1127,9252296,MB-FBNs,inhibitory,output
1128,9275210,LNs,inhibitory,output
1129,9287199,,,output
1130,9287906,MB-FBNs,inhibitory,output
1131,9288827,,,output
1132,9291437,LHNs,excitatory,output
1133,9291474,,,
1134,9291938,LHNs,excitatory,output
1135,9294475,LHNs,excitatory,output
1136,9348984,pre-DN-VNCs,mixed,output
1137,9351843,pre-DN-SEZs,mixed,output
1138,9372642,RGNs,inhibitory,
1139,9384504,pre-DN-VNCs,mixed,output
1140,9408003,,,output
1141,9409359,CNs,mixed,output
1142,9421292,LHNs,excitatory,output
1143,9422291,PNs-somato,excitatory,output
1144,9423829,MB-FBNs,inhibitory,output
1145,9424902,DN-SEZs,mixed,output
1146,9428865,pre-DN-VNCs,mixed,output
1147,9429085,pre-DN-SEZs,mixed,output
1148,9436520,pre-DN-SEZs,mixed,output
1149,9445876,LNs,inhibitory,output
1150,9447255,LNs,inhibitory,output
1151,9457719,MB-FBNs,inhibitory,output
1152,9469519,MBONs,excitatory,output
1153,9480916,pre-DN-VNCs,mixed,output
1154,9481869,PNs-somato,excitatory,output
1155,9488991,LHNs,excitatory,output
1156,9503203,,,input
1157,9503414,PNs-somato,excitatory,output
1158,9503428,,,output
1159,9507904,PNs-somato,excitatory,output
1160,9508724,PNs-somato,excitatory,output
1161,9511772,,,
1162,9513911,,,output
1163,9517477,,,
1164,9519425,pre-DN-VNCs,mixed,output
1165,9521722,LNs,inhibitory,output
1166,9524538,PNs-somato,excitatory,output
1167,9525492,KCs,excitatory,output
1168,9527333,MB-FBNs,inhibitory,output
1169,9527522,MB-FBNs,inhibitory,output
1170,9530532,PNs-somato,excitatory,output
1171,9531722,KCs,excitatory,output
1172,9532295,pre-DN-VNCs,mixed,output
1173,9539868,PNs,excitatory,output
1174,9556700,KCs,excitatory,output
1175,9565674,pre-DN-VNCs,mixed,output
1176,9567051,PNs,excitatory,output
1177,9574259,,,
1178,9577562,,,output
1179,9578602,,,
1180,9583435,MB-FFNs,inhibitory,output
1181,9585013,LHNs,excitatory,output
1182,9585036,LHNs,excitatory,output
1183,9585145,LHNs,excitatory,output
1184,9589146,PNs,excitatory,output
1185,9594273,pre-DN-VNCs,mixed,output
1186,9604434,pre-DN-VNCs,mixed,output
1187,9606354,,,
1188,9606496,,,
1189,9609048,KCs,excitatory,output
1190,9612903,pre-DN-SEZs,mixed,output
1191,9621307,PNs-somato,excitatory,output
1192,9637388,LHNs,excitatory,output
1193,9640873,,,input
1194,9641919,CNs,mixed,output
1195,9643439,pre-DN-VNCs,mixed,output
1196,9698907,,,output
1197,9707941,KCs,excitatory,output
1198,9714476,pre-DN-VNCs,mixed,output
1199,9716858,,,input
1200,9718223,,,
1201,9720614,PNs-somato,excitatory,output
1202,9730873,KCs,excitatory,output
1203,9739780,pre-DN-SEZs,mixed,output
1204,9741463,,,
1205,9747418,LHNs,excitatory,output
1206,9748269,,,input
1207,9750356,DN-SEZs,mixed,output
1208,9753418,PNs-somato,excitatory,output
1209,9753494,pre-DN-VNCs,mixed,output
1210,9753530,CNs,mixed,output
1211,9761454,DN-SEZs,mixed,output
1212,9766793,KCs,excitatory,output
1213,9767705,,,output
1214,9769559,,,
1215,9770016,,,
1216,9782026,,,
1217,9787592,DN-SEZs,mixed,output
1218,9787859,DN-SEZs,mixed,output
1219,9787933,PNs,excitatory,output
1220,9792178,LNs,inhibitory,output
1221,9795662,DN-SEZs,mixed,output
1222,9796812,KCs,excitatory,output
1223,9798791,MB-FFNs,inhibitory,output
1224,9800031,,,output
1225,9800178,LNs,inhibitory,output
1226,9806510,,,output
1227,9808022,,,input
1228,9808146,LNs,inhibitory,output
1229,9809626,KCs,excitatory,output
1230,9811608,LHNs,excitatory,output
1231,9813188,KCs,excitatory,output
1232,9820270,,,input
1233,9822593,pre-DN-VNCs,mixed,output
1234,9835169,,,input
1235,9838294,,,input
1236,9841469,PNs,excitatory,output
1237,9842000,RGNs,inhibitory,
1238,9842383,DN-SEZs,mixed,output
1239,9845997,,,output
1240,9847388,KCs,excitatory,output
1241,9848760,MB-FBNs,inhibitory,output
1242,9853425,,,input
1243,9856062,pre-DN-VNCs,mixed,output
1244,9870483,CNs,mixed,output
1245,9889095,KCs,excitatory,output
1246,9897223,KCs,excitatory,output
1247,9927082,PNs,excitatory,
1248,9940382,PNs,excitatory,output
1249,9961098,pre-DN-VNCs,mixed,output
1250,9965610,,,output
1251,9971209,LNs,inhibitory,output
1252,9983191,KCs,excitatory,output
1253,9983417,pre-DN-VNCs,mixed,output
1254,10013517,PNs,excitatory,output
1255,10017661,,,
1256,10017804,,,
1257,10017931,,,
1258,10017944,pre-DN-VNCs,mixed,output
1259,10018150,DN-VNCs,mixed,output
1260,10018161,DN-SEZs,mixed,
1261,10018260,LHNs,excitatory,output
1262,10056280,KCs,excitatory,output
1263,10059655,DN-SEZs,mixed,output
1264,10079731,PNs-somato,excitatory,output
1265,10100020,pre-DN-VNCs,mixed,output
1266,10119916,LHNs,excitatory,output
1267,10158972,DN-SEZs,mixed,output
1268,10160250,PNs,excitatory,output
1269,10163418,MBONs,excitatory,output
1270,10167078,PNs,excitatory,output
1271,10167116,DN-SEZs,mixed,output
1272,10169396,KCs,excitatory,output
1273,10198121,PNs-somato,excitatory,output
1274,10202724,PNs,excitatory,output
1275,10209260,MB-FBNs,inhibitory,output
1276,10221622,DN-SEZs,mixed,output
1277,10229852,PNs-somato,excitatory,output
1278,10234576,pre-DN-VNCs,mixed,output
1279,10237401,,,
1280,10238739,pre-DN-VNCs,mixed,output
1281,10240382,pre-DN-VNCs,mixed,output
1282,10241716,,,input
1283,10246566,,,
1284,10248031,pre-DN-VNCs,mixed,output
1285,10259967,KCs,excitatory,output
1286,10263287,DN-SEZs,mixed,output
1287,10276161,pre-DN-VNCs,mixed,output
1288,10281116,MB-FFNs,inhibitory,output
1289,10282065,PNs-somato,excitatory,output
1290,10287315,,,output
1291,10293348,LHNs,excitatory,output
1292,10316044,,,
1293,10317031,pre-DN-VNCs,mixed,output
1294,10319019,PNs-somato,excitatory,output
1295,10323628,PNs,excitatory,output
1296,10329208,,,
1297,10339991,CNs,mixed,output
1298,10340880,LHNs,excitatory,output
1299,10343101,,,output
1300,10345590,pre-DN-SEZs,mixed,output
1301,10351681,MB-FFNs,inhibitory,output
1302,10355356,pre-DN-VNCs,mixed,output
1303,10358617,,,
1304,10367190,pre-DN-VNCs,mixed,output
1305,10378182,,,
1306,10382686,LHNs,excitatory,output
1307,10382824,pre-DN-VNCs,mixed,output
1308,10400440,CNs,mixed,output
1309,10403609,PNs-somato,excitatory,output
1310,10411574,DN-VNCs,mixed,output
1311,10418394,RGNs,inhibitory,
1312,10427055,LHNs,excitatory,output
1313,10447988,pre-DN-VNCs,mixed,output
1314,10449035,pre-DN-VNCs,mixed,output
1315,10450307,,,
1316,10455234,,,
1317,10459723,,,
1318,10473853,pre-DN-VNCs,mixed,output
1319,10495502,,,output
1320,10523825,pre-DN-VNCs,mixed,output
1321,10527147,DN-SEZs,mixed,output
1322,10540188,,,output
1323,10543751,CNs,mixed,output
1324,10553248,DN-VNCs,mixed,output
1325,10555409,LNs,inhibitory,output
1326,10563755,RGNs,inhibitory,
1327,10568310,,,output
1328,10581624,pre-DN-VNCs,mixed,output
1329,10583715,pre-DN-VNCs,mixed,output
1330,10596949,pre-DN-VNCs,mixed,output
1331,10600188,pre-DN-VNCs,mixed,output
1332,10609443,DN-VNCs,mixed,output
1333,10612094,MB-FBNs,inhibitory,output
1334,10612630,MB-FFNs,inhibitory,output
1335,10617840,MB-FFNs,inhibitory,output
1336,10627239,pre-DN-VNCs,mixed,output
1337,10658673,,,output
1338,10660512,,,output
1339,10663559,pre-DN-SEZs,mixed,output
1340,10673895,MBINs,mixed,output
1341,10681487,,,output
1342,10682411,,,output
1343,10682660,MB-FBNs,inhibitory,output
1344,10683313,PNs-somato,excitatory,output
1345,10684539,,,output
1346,10702736,CNs,mixed,output
1347,10710503,LHNs,excitatory,output
1348,10714526,PNs-somato,excitatory,output
1349,10716080,DN-VNCs,mixed,output
1350,10725068,pre-DN-VNCs,mixed,output
1351,10728318,DN-VNCs,mixed,output
1352,10728323,DN-SEZs,mixed,output
1353,10728328,DN-VNCs,mixed,output
1354,10728333,DN-VNCs,mixed,output
1355,10739296,,,output
1356,10756813,DN-SEZs,mixed,output
1357,10758204,pre-DN-VNCs,mixed,output
1358,10760217,,,output
1359,10766722,,,output
1360,10768709,pre-DN-SEZs,mixed,output
1361,10781924,pre-DN-VNCs,mixed,output
1362,10784285,,,
1363,10785260,,,output
1364,10792336,,,output
1365,10792617,pre-DN-VNCs,mixed,output
1366,10797407,pre-DN-VNCs,mixed,output
1367,10809383,MB-FBNs,inhibitory,output
1368,10827212,,,output
1369,10842047,pre-DN-SEZs,mixed,output
1370,10842099,pre-DN-VNCs,mixed,output
1371,10852875,,,input
1372,10855798,pre-DN-VNCs,mixed,output
1373,10865025,DN-SEZs,mixed,output
1374,10868477,,,input
1375,10870424,pre-DN-VNCs,mixed,output
1376,10872426,pre-DN-VNCs,mixed,output
1377,10875178,pre-DN-VNCs,mixed,output
1378,10875625,LHNs,excitatory,output
1379,10877689,,,output
1380,10880408,pre-DN-VNCs,mixed,output
1381,10882750,pre-DN-VNCs,mixed,output
1382,10885466,pre-DN-VNCs,mixed,output
1383,10893103,PNs-somato,excitatory,output
1384,10915553,DN-VNCs,mixed,output
1385,10918898,pre-DN-VNCs,mixed,output
1386,10921106,DN-VNCs,mixed,output
1387,10922020,LHNs,excitatory,output
1388,10922928,pre-DN-VNCs,mixed,output
1389,10929797,,,input
1390,10934438,,,input
1391,10937355,,,input
1392,10944822,,,output
1393,10945111,DN-VNCs,mixed,output
1394,10945581,,,output
1395,10945795,DN-VNCs,mixed,output
1396,10946002,CNs,mixed,output
1397,10947427,DN-SEZs,mixed,output
1398,10949030,,,input
1399,10949382,,,input
1400,10955244,LHNs,excitatory,
1401,10958210,pre-DN-SEZs,mixed,output
1402,10959064,pre-DN-VNCs,mixed,output
1403,10961507,LHNs,excitatory,
1404,10963761,,,input
1405,10964258,pre-DN-VNCs,mixed,output
1406,10982951,PNs-somato,excitatory,output
1407,10986253,pre-DN-VNCs,mixed,output
1408,11003551,PNs-somato,excitatory,output
1409,11003660,MB-FBNs,inhibitory,output
1410,11003696,,,output
1411,11003707,LNs,inhibitory,output
1412,11004239,LHNs,excitatory,output
1413,11007420,,,
1414,11009492,,,
1415,11011058,CNs,mixed,output
1416,11013351,LNs,inhibitory,output
1417,11013583,DN-VNCs,mixed,output
1418,11017761,MBONs,excitatory,output
1419,11018254,MB-FBNs,inhibitory,output
1420,11022546,pre-DN-VNCs,mixed,output
1421,11027071,pre-DN-VNCs,mixed,output
1422,11029359,CNs,mixed,
1423,11029851,PNs-somato,excitatory,output
1424,11037238,LHNs,excitatory,output
1425,11050498,pre-DN-VNCs,mixed,output
1426,11051276,LNs,inhibitory,output
1427,11051740,MB-FFNs,inhibitory,output
1428,11067379,PNs,excitatory,output
1429,11073313,pre-DN-VNCs,mixed,output
1430,11079069,pre-DN-VNCs,mixed,output
1431,11081239,pre-DN-VNCs,mixed,output
1432,11084320,pre-DN-VNCs,mixed,output
1433,11102156,CNs,mixed,output
1434,11105182,DN-SEZs,mixed,output
1435,11123016,,,output
1436,11135340,LNs,inhibitory,output
1437,11137808,LHNs,excitatory,output
1438,11144258,LNs,inhibitory,output
1439,11146422,PNs,excitatory,output
1440,11157622,PNs,excitatory,output
1441,11178891,LNs,inhibitory,output
1442,11184236,PNs,excitatory,output
1443,11192283,,,
1444,11193510,LHNs,excitatory,output
1445,11195708,DN-SEZs,mixed,output
1446,11197975,,,output
1447,11210000,LHNs,excitatory,output
1448,11216417,CNs,mixed,output
1449,11217208,DN-SEZs,mixed,
1450,11229136,DN-SEZs,mixed,output
1451,11234536,MB-FFNs,inhibitory,output
1452,11248536,LHNs,excitatory,output
1453,11257084,LHNs,excitatory,output
1454,11261332,DN-SEZs,mixed,output
1455,11263687,PNs-somato,excitatory,output
1456,11271082,pre-DN-VNCs,mixed,output
1457,11278919,pre-DN-VNCs,mixed,output
1458,11279244,PNs,excitatory,output
1459,11286854,PNs-somato,excitatory,output
1460,11291344,,,input
1461,11291653,PNs-somato,excitatory,output
1462,11303036,pre-DN-VNCs,mixed,output
1463,11306294,pre-DN-VNCs,mixed,output
1464,11329998,CNs,mixed,output
1465,11333054,PNs,excitatory,output
1466,11348509,pre-DN-VNCs,mixed,output
1467,11356523,pre-DN-SEZs,mixed,output
1468,11359482,PNs-somato,excitatory,output
1469,11361875,PNs-somato,excitatory,output
1470,11362334,pre-DN-VNCs,mixed,output
1471,11362589,PNs-somato,excitatory,output
1472,11389855,,,output
1473,11409587,CNs,mixed,output
1474,11455472,,,input
1475,11460897,,,
1476,11464638,CNs,mixed,output
1477,11465297,,,output
1478,11468088,pre-DN-VNCs,mixed,output
1479,11524047,MBONs,excitatory,output
1480,11528017,MB-FBNs,inhibitory,output
1481,11600886,CNs,mixed,output
1482,11605567,pre-DN-SEZs,mixed,output
1483,11605861,LHNs,excitatory,output
1484,11623145,pre-DN-VNCs,mixed,output
1485,11624548,,,output
1486,11625573,pre-DN-VNCs,mixed,output
1487,11637003,PNs,excitatory,output
1488,11639192,DN-SEZs,mixed,output
1489,11645541,LNs,inhibitory,output
1490,11656349,PNs,excitatory,output
1491,11671564,,,input
1492,11687072,,,output
1493,11691603,KCs,excitatory,output
1494,11691640,KCs,excitatory,output
1495,11703922,LHNs,excitatory,output
1496,11714576,pre-DN-VNCs,mixed,output
1497,11717001,PNs-somato,excitatory,output
1498,11717014,pre-DN-VNCs,mixed,output
1499,11717020,,,output
1500,11717025,,,output
1501,11717030,,,
1502,11717035,,,
1503,11717040,,,output
1504,11717045,,,
1505,11719626,PNs-somato,excitatory,output
1506,11725127,KCs,excitatory,output
1507,11725803,KCs,excitatory,output
1508,11736972,,,input
1509,11745381,,,input
1510,11756023,,,output
1511,11782821,LNs,inhibitory,output
1512,11785627,KCs,excitatory,output
1513,11788830,PNs,excitatory,output
1514,11813287,KCs,excitatory,output
1515,11821320,PNs,excitatory,output
1516,11826171,LHNs,excitatory,output
1517,11838242,PNs,excitatory,output
1518,11841664,pre-DN-VNCs,mixed,output
1519,11851588,LHNs,excitatory,output
1520,11853038,PNs,excitatory,output
1521,11871574,CNs,mixed,output
1522,11874130,,,input
1523,11876076,pre-DN-VNCs,mixed,output
1524,11889676,MB-FBNs,inhibitory,output
1525,11891098,pre-DN-VNCs,mixed,output
1526,11905911,DN-VNCs,mixed,output
1527,11908619,CNs,mixed,output
1528,11909406,LNs,inhibitory,output
1529,11934107,PNs,excitatory,output
1530,11934261,,,output
1531,11941255,DN-SEZs,mixed,output
1532,11946903,PNs-somato,excitatory,output
1533,11986594,PNs,excitatory,output
1534,12000033,DN-SEZs,mixed,output
1535,12026822,DN-SEZs,mixed,output
1536,12030078,,,
1537,12031406,pre-DN-VNCs,mixed,output
1538,12049797,,,output
1539,12073881,,,input
1540,12089601,PNs,excitatory,
1541,12121795,PNs,excitatory,output
1542,12122924,MB-FBNs,inhibitory,output
1543,12138418,LHNs,excitatory,output
1544,12178825,,,input
1545,12195879,PNs-somato,excitatory,output
1546,12217572,KCs,excitatory,output
1547,12225666,PNs,excitatory,output
1548,12233237,MB-FBNs,inhibitory,output
1549,12252572,pre-DN-VNCs,mixed,output
1550,12253020,,,input
1551,12260696,,,input
1552,12262910,MB-FBNs,inhibitory,output
1553,12273754,PNs-somato,excitatory,output
1554,12279909,pre-DN-SEZs,mixed,output
1555,12279941,pre-DN-SEZs,mixed,output
1556,12281339,LHNs,excitatory,output
1557,12293334,,,output
1558,12299621,LHNs,excitatory,output
1559,12299647,,,output
1560,12299704,pre-DN-SEZs,mixed,output
1561,12299805,,,output
1562,12300089,,,output
1563,12325227,PNs-somato,excitatory,output
1564,12335381,DN-SEZs,mixed,output
1565,12336493,PNs,excitatory,output
1566,12356747,MB-FFNs,inhibitory,output
1567,12360656,PNs,excitatory,output
1568,12364717,pre-DN-SEZs,mixed,output
1569,12366224,pre-DN-VNCs,mixed,output
1570,12366640,,,output
1571,12367135,pre-DN-VNCs,mixed,
1572,12367568,pre-DN-VNCs,mixed,output
1573,12371688,LHNs,excitatory,output
1574,12387154,LHNs,excitatory,output
1575,12389097,MB-FFNs,inhibitory,output
1576,12390459,PNs-somato,excitatory,output
1577,12398622,MB-FBNs,inhibitory,output
1578,12420377,pre-DN-VNCs,mixed,output
1579,12420898,pre-DN-VNCs,mixed,output
1580,12422147,pre-DN-SEZs,mixed,output
1581,12422355,pre-DN-VNCs,mixed,output
1582,12424328,PNs,excitatory,output
1583,12424940,,,output
1584,12425856,PNs,excitatory,output
1585,12452356,,,output
1586,12474164,DN-VNCs,mixed,output
1587,12474815,pre-DN-VNCs,mixed,output
1588,12475432,MBINs,mixed,output
1589,12476851,LHNs,excitatory,output
1590,12478620,PNs,excitatory,output
1591,12479019,PNs,excitatory,output
1592,12498338,LHNs,excitatory,output
1593,12500843,,,output
1594,12509506,,,output
1595,12548756,pre-DN-VNCs,mixed,output
1596,12551020,pre-DN-VNCs,mixed,output
1597,12585379,,,output
1598,12587013,LHNs,excitatory,output
1599,12598741,pre-DN-VNCs,mixed,output
1600,12612426,PNs,excitatory,output
1601,12617396,PNs,excitatory,output
1602,12634154,,,
1603,12654063,pre-DN-SEZs,mixed,output
1604,12667895,PNs-somato,excitatory,output
1605,12670738,MB-FFNs,inhibitory,output
1606,12704069,MB-FBNs,inhibitory,output
1607,12704360,RGNs,inhibitory,
1608,12726582,KCs,excitatory,output
1609,12736001,pre-DN-VNCs,mixed,output
1610,12740290,PNs,excitatory,output
1611,12745771,LHNs,excitatory,output
1612,12746220,,,output
1613,12782494,pre-DN-SEZs,mixed,output
1614,12789813,CNs,mixed,output
1615,12813847,LHNs,excitatory,output
1616,12832017,MB-FFNs,inhibitory,output
1617,12839441,LHNs,excitatory,output
1618,12840470,,,output
1619,12842593,PNs,excitatory,output
1620,12866697,,,output
1621,12868041,CNs,mixed,output
1622,12869029,,,output
1623,12871993,MBINs,mixed,output
1624,12882179,,,output
1625,12882387,LNs,inhibitory,output
1626,12884490,pre-DN-VNCs,mixed,output
1627,12923749,pre-DN-SEZs,mixed,output
1628,12928099,CNs,mixed,output
1629,12935696,CNs,mixed,output
1630,12935706,pre-DN-VNCs,mixed,output
1631,12948470,LNs,inhibitory,output
1632,12962772,DN-SEZs,mixed,output
1633,12989453,,,
1634,12990900,pre-DN-SEZs,mixed,output
1635,12998937,,,input
1636,13003574,,,output
1637,13007383,DN-SEZs,mixed,output
1638,13028455,pre-DN-VNCs,mixed,output
1639,13038489,LHNs,excitatory,output
1640,13045287,,,output
1641,13046354,,,output
1642,13046847,,,output
1643,13049485,pre-DN-SEZs,mixed,output
1644,13081886,DN-VNCs,mixed,output
1645,13084891,,,output
1646,13137623,pre-DN-VNCs,mixed,
1647,13167025,DN-SEZs,mixed,output
1648,13167730,pre-DN-VNCs,mixed,output
1649,13173311,PNs,excitatory,output
1650,13191017,DN-SEZs,mixed,output
1651,13197236,LNs,inhibitory,output
1652,13199414,MB-FFNs,inhibitory,output
1653,13206239,LHNs,excitatory,output
1654,13210358,MB-FBNs,inhibitory,output
1655,13242252,pre-DN-VNCs,mixed,output
1656,13242336,,,output
1657,13313410,DN-SEZs,mixed,output
1658,13358515,,,output
1659,13365464,CNs,mixed,output
1660,13369670,LHNs,excitatory,output
1661,13370624,pre-DN-VNCs,mixed,output
1662,13380660,DN-SEZs,mixed,output
1663,13395814,pre-DN-SEZs,mixed,output
1664,13405613,,,output
1665,13411394,,,output
1666,13411445,pre-DN-VNCs,mixed,output
1667,13411525,CNs,mixed,output
1668,13422280,DN-VNCs,mixed,output
1669,13429045,LHNs,excitatory,output
1670,13535380,RGNs,inhibitory,
1671,13535387,RGNs,inhibitory,
1672,13557064,DN-VNCs,mixed,output
1673,13564607,pre-DN-VNCs,mixed,output
1674,13580849,DN-SEZs,mixed,output
1675,13589251,PNs,excitatory,output
1676,13634759,PNs,excitatory,output
1677,13644685,pre-DN-VNCs,mixed,output
1678,13645610,DN-SEZs,mixed,output
1679,13646473,DN-VNCs,mixed,output
1680,13652117,DN-VNCs,mixed,output
1681,13665529,CNs,mixed,output
1682,13674287,pre-DN-VNCs,mixed,output
1683,13675374,pre-DN-VNCs,mixed,output
1684,13713529,pre-DN-VNCs,mixed,output
1685,13714311,pre-DN-VNCs,mixed,output
1686,13718916,,,output
1687,13722516,LHNs,excitatory,output
1688,13722900,pre-DN-VNCs,mixed,output
1689,13724377,,,output
1690,13727202,DN-VNCs,mixed,output
1691,13736919,DN-VNCs,mixed,output
1692,13743125,MB-FBNs,inhibitory,output
1693,13744425,,,input
1694,13749806,DN-VNCs,mixed,output
1695,13751194,RGNs,inhibitory,
1696,13760954,DN-VNCs,mixed,output
1697,13763548,DN-VNCs,mixed,output
1698,13764822,DN-SEZs,mixed,output
1699,13768622,,,output
1700,13774384,,,input
1701,13775497,,,input
1702,13793212,RGNs,inhibitory,
1703,13795090,PNs,excitatory,output
1704,13803032,LHNs,excitatory,output
1705,13806524,CNs,mixed,output
1706,13818467,pre-DN-SEZs,mixed,output
1707,13830600,DN-SEZs,mixed,output
1708,13832416,PNs,excitatory,output
1709,13833814,DN-SEZs,mixed,output
1710,13834125,pre-DN-VNCs,mixed,output
1711,13835439,pre-DN-VNCs,mixed,output
1712,13836327,CNs,mixed,output
1713,13841523,pre-DN-VNCs,mixed,output
1714,13842372,DN-SEZs,mixed,output
1715,13849274,,,output
1716,13849557,pre-DN-VNCs,mixed,output
1717,13852833,MB-FBNs,inhibitory,output
1718,13854190,pre-DN-SEZs,mixed,output
1719,13858797,LHNs,excitatory,output
1720,13858824,PNs,excitatory,output
1721,13863331,MB-FBNs,inhibitory,output
1722,13948718,pre-DN-VNCs,mixed,output
1723,13950464,PNs-somato,excitatory,output
1724,13953184,pre-DN-SEZs,mixed,
1725,13953356,,,output
1726,13953546,CNs,mixed,output
1727,13966828,,,output
1728,13968203,DN-SEZs,mixed,output
1729,13986477,LHNs,excitatory,output
1730,13986583,LHNs,excitatory,output
1731,13988443,CNs,mixed,output
1732,14000746,MB-FBNs,inhibitory,output
1733,14034206,DN-VNCs,mixed,output
1734,14034311,DN-SEZs,mixed,output
1735,14039007,DN-VNCs,mixed,output
1736,14071449,CNs,mixed,output
1737,14071613,CNs,mixed,output
1738,14073503,CNs,mixed,output
1739,14077179,MB-FBNs,inhibitory,output
1740,14077615,MB-FBNs,inhibitory,output
1741,14082322,MBONs,excitatory,output
1742,14083681,MB-FBNs,inhibitory,output
1743,14127447,MB-FFNs,inhibitory,output
1744,14133114,LHNs,excitatory,output
1745,14158399,MB-FBNs,inhibitory,output
1746,14162492,,,output
1747,14206030,CNs,mixed,output
1748,14214039,CNs,mixed,output
1749,14241490,pre-DN-VNCs,mixed,output
1750,14255342,KCs,excitatory,output
1751,14260575,MB-FBNs,inhibitory,output
1752,14270761,,,output
1753,14313750,MB-FBNs,inhibitory,output
1754,14319185,LHNs,excitatory,output
1755,14319498,LHNs,excitatory,output
1756,14319960,KCs,excitatory,output
1757,14328512,,,output
1758,14329745,CNs,mixed,output
1759,14333371,LHNs,excitatory,output
1760,14333495,LHNs,excitatory,output
1761,14334367,pre-DN-SEZs,mixed,output
1762,14338439,PNs-somato,excitatory,output
1763,14342744,CNs,mixed,output
1764,14374534,pre-DN-VNCs,mixed,output
1765,14434314,LHNs,excitatory,output
1766,14437742,DN-SEZs,mixed,output
1767,14450919,LHNs,excitatory,output
1768,14451162,,,output
1769,14460113,KCs,excitatory,output
1770,14461238,LHNs,excitatory,output
1771,14492757,pre-DN-VNCs,mixed,output
1772,14492880,pre-DN-VNCs,mixed,output
1773,14493841,PNs-somato,excitatory,output
1774,14495367,CNs,mixed,output
1775,14501257,pre-DN-VNCs,mixed,output
1776,14514597,LHNs,excitatory,output
1777,14517691,DN-SEZs,mixed,output
1778,14519048,KCs,excitatory,output
1779,14519756,pre-DN-VNCs,mixed,output
1780,14522124,KCs,excitatory,output
1781,14522404,,,input
1782,14531828,,,input
1783,14539753,DN-SEZs,mixed,output
1784,14540633,MB-FBNs,inhibitory,output
1785,14541927,MBINs,mixed,output
1786,14547259,,,
1787,14570370,,,output
1788,14579509,pre-DN-VNCs,mixed,output
1789,14586769,pre-DN-VNCs,mixed,output
1790,14588375,DN-VNCs,mixed,output
1791,14604028,PNs,excitatory,output
1792,14617508,pre-DN-VNCs,mixed,output
1793,14621584,pre-DN-VNCs,mixed,output
1794,14638686,pre-DN-VNCs,mixed,output
1795,14651659,DN-VNCs,mixed,output
1796,14655602,pre-DN-VNCs,mixed,output
1797,14656798,pre-DN-VNCs,mixed,output
1798,14659793,,,
1799,14680483,pre-DN-VNCs,mixed,output
1800,14723506,pre-DN-SEZs,mixed,output
1801,14726012,pre-DN-VNCs,mixed,output
1802,14726069,pre-DN-VNCs,mixed,output
1803,14753815,pre-DN-VNCs,mixed,output
1804,14754777,pre-DN-VNCs,mixed,output
1805,14755393,pre-DN-VNCs,mixed,output
1806,14756000,PNs,excitatory,output
1807,14756061,pre-DN-VNCs,mixed,output
1808,14756440,pre-DN-VNCs,mixed,output
1809,14757050,pre-DN-VNCs,mixed,output
1810,14757992,LNs,inhibitory,output
1811,14758420,LNs,inhibitory,output
1812,14759661,pre-DN-SEZs,mixed,output
1813,14760757,pre-DN-VNCs,mixed,output
1814,14762026,PNs-somato,excitatory,output
1815,14782250,,,output
1816,14797760,PNs-somato,excitatory,output
1817,14818307,LHNs,excitatory,output
1818,14891367,,,output
1819,14898295,KCs,excitatory,output
1820,14898816,KCs,excitatory,output
1821,14913093,,,input
1822,14914182,pre-DN-SEZs,mixed,output
1823,14938436,,,input
1824,14948339,CNs,mixed,output
1825,14981128,,,output
1826,14995061,,,output
1827,14999928,pre-DN-VNCs,mixed,output
1828,15005403,DN-VNCs,mixed,output
1829,15018449,pre-DN-VNCs,mixed,output
1830,15023806,,,output
1831,15023987,pre-DN-VNCs,mixed,output
1832,15028907,PNs-somato,excitatory,output
1833,15048530,pre-DN-SEZs,mixed,output
1834,15055590,pre-DN-VNCs,mixed,output
1835,15063529,,,output
1836,15068806,PNs-somato,excitatory,output
1837,15096548,pre-DN-VNCs,mixed,output
1838,15155348,pre-DN-VNCs,mixed,output
1839,15202263,RGNs,inhibitory,
1840,15225589,LHNs,excitatory,output
1841,15250080,DN-SEZs,mixed,output
1842,15253921,MBONs,excitatory,output
1843,15315491,,,input
1844,15334461,DN-SEZs,mixed,output
1845,15343835,MB-FBNs,inhibitory,output
1846,15365184,DN-VNCs,mixed,output
1847,15398730,MBONs,excitatory,output
1848,15398807,,,input
1849,15404207,MBINs,mixed,output
1850,15409328,,,input
1851,15421363,MBONs,excitatory,output
1852,15431408,pre-DN-VNCs,mixed,output
1853,15431795,,,output
1854,15434200,,,input
1855,15445198,,,input
1856,15451084,,,input
1857,15458316,,,input
1858,15461769,,,input
1859,15467736,pre-DN-VNCs,mixed,output
1860,15468308,CNs,mixed,output
1861,15474790,CNs,mixed,output
1862,15478720,MB-FFNs,inhibitory,output
1863,15480928,MB-FBNs,inhibitory,output
1864,15481779,pre-DN-VNCs,mixed,output
1865,15488316,MB-FBNs,inhibitory,output
1866,15505837,,,input
1867,15506094,,,input
1868,15507888,,,input
1869,15508475,,,input
1870,15508735,,,input
1871,15510288,MB-FFNs,inhibitory,output
1872,15512404,pre-DN-VNCs,mixed,output
1873,15512408,pre-DN-VNCs,mixed,output
1874,15513540,pre-DN-VNCs,mixed,output
1875,15514582,PNs-somato,excitatory,output
1876,15516413,pre-DN-VNCs,mixed,output
1877,15517247,pre-DN-VNCs,mixed,output
1878,15519213,CNs,mixed,output
1879,15522152,DN-VNCs,mixed,output
1880,15522777,,,input
1881,15524629,,,output
1882,15524852,,,
1883,15525711,pre-DN-VNCs,mixed,output
1884,15525794,pre-DN-VNCs,mixed,output
1885,15525858,,,input
1886,15530882,,,input
1887,15531033,,,input
1888,15531916,,,input
1889,15532105,,,input
1890,15533421,,,input
1891,15539984,pre-DN-VNCs,mixed,output
1892,15541944,,,input
1893,15541971,,,output
1894,15541976,,,input
1895,15542199,,,input
1896,15542354,,,input
1897,15543068,,,input
1898,15543394,,,input
1899,15546924,,,input
1900,15547235,PNs,excitatory,output
1901,15547732,,,input
1902,15548107,,,input
1903,15548694,,,input
1904,15548844,DN-VNCs,mixed,output
1905,15553218,,,output
1906,15556081,,,input
1907,15556861,,,input
1908,15556868,,,input
1909,15559195,,,input
1910,15560623,DN-VNCs,mixed,output
1911,15561413,,,input
1912,15562137,,,input
1913,15563553,,,input
1914,15564661,,,input
1915,15564706,,,input
1916,15564782,,,input
1917,15564807,,,input
1918,15564882,,,input
1919,15564911,,,input
1920,15566333,CNs,mixed,output
1921,15567466,,,input
1922,15568134,pre-DN-SEZs,mixed,output
1923,15568333,CNs,mixed,output
1924,15569561,,,input
1925,15571194,LNs,inhibitory,output
1926,15572414,,,input
1927,15573283,,,input
1928,15573331,,,input
1929,15573381,,,input
1930,15573396,,,input
1931,15573450,,,input
1932,15574199,,,input
1933,15574231,,,input
1934,15574328,,,input
1935,15574508,,,input
1936,15574941,,,input
1937,15575052,,,input
1938,15575232,,,input
1939,15575327,,,input
1940,15576194,,,input
1941,15576292,pre-DN-SEZs,mixed,output
1942,15577444,,,output
1943,15585114,pre-DN-SEZs,mixed,output
1944,15586536,,,input
1945,15586914,,,output
1946,15586949,pre-DN-SEZs,mixed,output
1947,15587166,,,input
1948,15587533,PNs-somato,excitatory,output
1949,15588389,LHNs,excitatory,output
1950,15588620,MB-FBNs,inhibitory,output
1951,15588691,,,input
1952,15588711,DN-VNCs,mixed,output
1953,15588800,,,input
1954,15589362,,,input
1955,15589411,,,input
1956,15589591,pre-DN-VNCs,mixed,output
1957,15589738,pre-DN-VNCs,mixed,output
1958,15590555,pre-DN-SEZs,mixed,output
1959,15590761,,,input
1960,15590793,,,
1961,15592096,MBINs,mixed,output
1962,15592696,,,input
1963,15594038,,,input
1964,15594113,pre-DN-SEZs,mixed,output
1965,15594123,,,input
1966,15595607,,,input
1967,15595823,,,input
1968,15595950,,,input
1969,15599768,DN-SEZs,mixed,output
1970,15601640,pre-DN-SEZs,mixed,output
1971,15605297,,,output
1972,15605301,pre-DN-SEZs,mixed,output
1973,15605657,,,input
1974,15605987,LHNs,excitatory,output
1975,15606239,pre-DN-SEZs,mixed,output
1976,15606918,,,input
1977,15607180,,,input
1978,15607335,pre-DN-SEZs,mixed,output
1979,15608355,PNs,excitatory,output
1980,15608953,pre-DN-VNCs,mixed,output
1981,15609427,,,input
1982,15609885,,,input
1983,15610387,,,input
1984,15610774,pre-DN-VNCs,mixed,output
1985,15611642,,,input
1986,15611791,,,input
1987,15612241,,,input
1988,15612283,,,output
1989,15615042,,,input
1990,15615081,,,input
1991,15615305,,,input
1992,15615475,,,input
1993,15615589,,,input
1994,15615776,,,input
1995,15615877,,,input
1996,15617305,MBONs,excitatory,output
1997,15617459,,,input
1998,15618614,CNs,mixed,output
1999,15618756,,,input
2000,15618976,,,input
2001,15620432,,,input
2002,15620606,,,input
2003,15623649,PNs,excitatory,output
2004,15629241,,,input
2005,15629355,,,input
2006,15629759,pre-DN-VNCs,mixed,output
2007,15629888,,,input
2008,15632120,pre-DN-VNCs,mixed,output
2009,15632282,,,output
2010,15632371,,,
2011,15633329,,,output
2012,15636411,,,output
2013,15636958,pre-DN-SEZs,mixed,output
2014,15637893,,,input
2015,15638520,,,input
2016,15638742,,,input
2017,15638906,pre-DN-VNCs,mixed,output
2018,15638932,pre-DN-VNCs,mixed,output
2019,15638968,,,input
2020,15639020,,,input
2021,15639171,,,input
2022,15639216,pre-DN-SEZs,mixed,output
2023,15639275,,,input
2024,15639294,DN-VNCs,mixed,output
2025,15639331,pre-DN-SEZs,mixed,output
2026,15639548,,,input
2027,15640425,,,input
2028,15640548,,,input
2029,15640567,,,input
2030,15640724,,,input
2031,15640893,,,input
2032,15641926,,,input
2033,15645825,,,input
2034,15651438,,,input
2035,15652529,,,input
2036,15653288,,,input
2037,15653432,,,input
2038,15653927,,,input
2039,15655801,pre-DN-VNCs,mixed,output
2040,15656223,,,output
2041,15656435,,,input
2042,15656826,,,output
2043,15658013,,,input
2044,15662776,CNs,mixed,output
2045,15668309,MB-FBNs,inhibitory,output
2046,15668497,,,output
2047,15668869,PNs-somato,excitatory,output
2048,15669682,pre-DN-VNCs,mixed,output
2049,15671481,,,input
2050,15671848,,,input
2051,15672153,,,input
2052,15672263,DN-VNCs,mixed,output
2053,15672269,pre-DN-VNCs,mixed,output
2054,15672957,,,input
2055,15673454,,,output
2056,15673715,,,
2057,15673867,,,input
2058,15673925,,,input
2059,15674083,,,input
2060,15674262,,,input
2061,15674269,MB-FFNs,inhibitory,output
2062,15674282,pre-DN-VNCs,mixed,output
2063,15675901,,,input
2064,15676016,pre-DN-VNCs,mixed,output
2065,15676571,CNs,mixed,output
2066,15677030,,,input
2067,15677323,,,input
2068,15678441,,,input
2069,15678833,,,input
2070,15678849,,,input
2071,15679484,,,input
2072,15679577,,,input
2073,15679639,PNs-somato,excitatory,output
2074,15680043,,,output
2075,15680093,,,input
2076,15680292,,,output
2077,15680710,,,input
2078,15681740,,,input
2079,15683275,LHNs,excitatory,output
2080,15684934,PNs-somato,excitatory,output
2081,15686444,pre-DN-VNCs,mixed,output
2082,15686512,,,input
2083,15688358,,,input
2084,15688523,pre-DN-VNCs,mixed,output
2085,15689046,pre-DN-SEZs,mixed,output
2086,15689373,,,input
2087,15690093,,,input
2088,15690392,,,input
2089,15690711,,,input
2090,15690955,,,input
2091,15691114,KCs,excitatory,output
2092,15691118,,,
2093,15691122,,,
2094,15698623,,,input
2095,15699715,,,input
2096,15700147,,,input
2097,15706875,pre-DN-VNCs,mixed,output
2098,15711222,,,input
2099,15711289,,,input
2100,15712024,,,input
2101,15713206,,,input
2102,15713374,,,input
2103,15714173,,,input
2104,15714330,,,input
2105,15714639,,,input
2106,15714845,,,input
2107,15715151,,,input
2108,15715643,,,input
2109,15715796,,,input
2110,15716094,,,input
2111,15716127,,,input
2112,15716309,,,input
2113,15716701,,,input
2114,15716934,,,input
2115,15717229,,,input
2116,15717426,,,input
2117,15717736,,,input
2118,15717935,,,input
2119,15718275,,,input
2120,15718981,pre-DN-VNCs,mixed,output
2121,15721919,KCs,excitatory,output
2122,15722306,KCs,excitatory,
2123,15722867,KCs,excitatory,output
2124,15722990,pre-DN-VNCs,mixed,output
2125,15723479,,,input
2126,15723727,,,input
2127,15724175,,,input
2128,15724385,,,input
2129,15724520,,,input
2130,15724636,,,input
2131,15725127,,,input
2132,15725545,,,input
2133,15725673,,,input
2134,15727304,,,input
2135,15728017,,,input
2136,15730645,,,input
2137,15730680,,,input
2138,15732050,DN-SEZs,mixed,output
2139,15732471,LHNs,excitatory,output
2140,15732485,pre-DN-SEZs,mixed,output
2141,15732497,pre-DN-VNCs,mixed,output
2142,15732503,pre-DN-VNCs,mixed,output
2143,15732509,pre-DN-VNCs,mixed,output
2144,15734666,,,
2145,15734988,KCs,excitatory,output
2146,15736147,,,input
2147,15736398,,,output
2148,15741782,,,
2149,15741865,MB-FBNs,inhibitory,output
2150,15741951,,,
2151,15743905,,,input
2152,15746421,,,input
2153,15748726,,,input
2154,15762568,,,input
2155,15764960,,,
2156,15766806,MB-FBNs,inhibitory,output
2157,15766999,,,input
2158,15769419,,,input
2159,15769680,,,input
2160,15770032,,,input
2161,15770140,,,output
2162,15770904,,,input
2163,15770945,,,input
2164,15788419,,,
2165,15788431,,,
2166,15792643,pre-DN-VNCs,mixed,output
2167,15800115,pre-DN-VNCs,mixed,output
2168,15810983,MBONs,excitatory,output
2169,15823055,pre-DN-VNCs,mixed,output
2170,15825861,,,output
2171,15825892,,,output
2172,15828093,,,
2173,15829660,PNs,excitatory,output
2174,15861524,KCs,excitatory,output
2175,15894178,DN-VNCs,mixed,output
2176,15894278,DN-VNCs,mixed,output
2177,15897280,DN-VNCs,mixed,output
2178,15914721,,,input
2179,15934458,DN-VNCs,mixed,output
2180,15938337,,,input
2181,15939130,,,
2182,15939179,,,
2183,15964206,DN-VNCs,mixed,output
2184,15974183,CNs,mixed,output
2185,15982306,,,input
2186,15983156,,,input
2187,15983225,,,input
2188,15984231,,,input
2189,15984797,,,input
2190,15985265,,,output
2191,15994926,,,input
2192,15995074,,,
2193,15995327,,,input
2194,15995404,,,input
2195,15995861,,,input
2196,15995929,,,input
2197,15995958,pre-DN-VNCs,mixed,output
2198,15996160,,,input
2199,15996271,,,input
2200,15996518,,,input
2201,15997645,,,input
2202,15997666,,,input
2203,15997692,,,input
2204,15997807,,,input
2205,15997929,,,input
2206,15997983,,,input
2207,15998100,,,input
2208,15998218,,,input
2209,15998261,,,input
2210,15998307,,,input
2211,15998319,,,input
2212,15998469,,,input
2213,15998753,,,input
2214,15998768,,,input
2215,15998782,,,input
2216,15998817,,,input
2217,15998899,,,input
2218,15998913,,,input
2219,16007457,,,output
2220,16014607,,,
2221,16014701,PNs-somato,excitatory,output
2222,16015738,KCs,excitatory,output
2223,16017113,KCs,excitatory,output
2224,16026042,,,
2225,16026677,CNs,mixed,output
2226,16039470,KCs,excitatory,output
2227,16045758,,,output
2228,16051878,pre-DN-SEZs,mixed,output
2229,16053650,,,
2230,16053670,,,
2231,16054240,,,
2232,16057212,DN-SEZs,mixed,output
2233,16058860,KCs,excitatory,output
2234,16059078,PNs-somato,excitatory,output
2235,16059134,pre-DN-VNCs,mixed,output
2236,16070049,LHNs,excitatory,output
2237,16087799,PNs,excitatory,
2238,16089738,CNs,mixed,output
2239,16089743,LHNs,excitatory,output
2240,16095576,,,output
2241,16096934,pre-DN-SEZs,mixed,output
2242,16098538,LHNs,excitatory,output
2243,16100103,LHNs,excitatory,output
2244,16100461,LHNs,excitatory,output
2245,16115255,DN-VNCs,mixed,output
2246,16115501,,,input
2247,16115575,DN-VNCs,mixed,output
2248,16131474,LHNs,excitatory,output
2249,16141217,LHNs,excitatory,output
2250,16145456,,,
2251,16154290,DN-VNCs,mixed,output
2252,16158918,DN-SEZs,mixed,output
2253,16160495,MB-FBNs,inhibitory,output
2254,16167914,pre-DN-VNCs,mixed,output
2255,16176721,,,output
2256,16178283,MBONs,excitatory,output
2257,16181130,,,output
2258,16181377,LHNs,excitatory,output
2259,16188942,PNs,excitatory,output
2260,16195633,DN-SEZs,mixed,output
2261,16210988,KCs,excitatory,output
2262,16220042,,,
2263,16223537,MBONs,excitatory,output
2264,16223688,pre-DN-VNCs,mixed,output
2265,16240569,MBINs,mixed,output
2266,16259595,PNs,excitatory,output
2267,16260741,LHNs,excitatory,output
2268,16267292,,,input
2269,16278312,,,input
2270,16283590,,,output
2271,16288872,,,input
2272,16295025,LNs,inhibitory,output
2273,16297403,PNs,excitatory,output
2274,16303262,,,input
2275,16316916,PNs,excitatory,output
2276,16316973,DN-SEZs,mixed,
2277,16316981,DN-SEZs,mixed,output
2278,16318521,PNs,excitatory,output
2279,16327998,pre-DN-VNCs,mixed,output
2280,16335254,pre-DN-VNCs,mixed,output
2281,16339338,DN-VNCs,mixed,output
2282,16339645,CNs,mixed,output
2283,16340011,pre-DN-VNCs,mixed,output
2284,16340461,pre-DN-VNCs,mixed,output
2285,16340977,DN-SEZs,mixed,output
2286,16341399,,,input
2287,16341507,,,input
2288,16341966,,,input
2289,16342197,pre-DN-VNCs,mixed,output
2290,16345627,pre-DN-VNCs,mixed,output
2291,16347283,PNs-somato,excitatory,output
2292,16347476,pre-DN-VNCs,mixed,output
2293,16347786,DN-VNCs,mixed,output
2294,16348875,pre-DN-SEZs,mixed,output
2295,16350988,pre-DN-VNCs,mixed,output
2296,16353832,MBINs,mixed,output
2297,16355225,pre-DN-VNCs,mixed,output
2298,16356967,PNs-somato,excitatory,output
2299,16361363,pre-DN-SEZs,mixed,output
2300,16362243,,,input
2301,16366055,pre-DN-VNCs,mixed,
2302,16369928,,,output
2303,16383966,pre-DN-VNCs,mixed,output
2304,16385470,MB-FFNs,inhibitory,output
2305,16386470,LHNs,excitatory,output
2306,16388736,DN-VNCs,mixed,output
2307,16393165,DN-SEZs,mixed,output
2308,16399845,LHNs,excitatory,output
2309,16405545,CNs,mixed,output
2310,16409132,LHNs,excitatory,output
2311,16415910,pre-DN-VNCs,mixed,output
2312,16422727,pre-DN-VNCs,mixed,output
2313,16422744,pre-DN-VNCs,mixed,output
2314,16424131,DN-SEZs,mixed,output
2315,16427492,MB-FBNs,inhibitory,output
2316,16428373,pre-DN-VNCs,mixed,output
2317,16431065,,,output
2318,16433177,PNs-somato,excitatory,output
2319,16433696,pre-DN-SEZs,mixed,output
2320,16434560,pre-DN-SEZs,mixed,output
2321,16434824,,,output
2322,16434842,RGNs,inhibitory,
2323,16435325,PNs,excitatory,output
2324,16435406,,,
2325,16435686,,,output
2326,16435965,KCs,excitatory,output
2327,16438190,KCs,excitatory,output
2328,16440649,KCs,excitatory,output
2329,16440704,KCs,excitatory,output
2330,16442113,LHNs,excitatory,output
2331,16442344,,,input
2332,16443509,pre-DN-VNCs,mixed,output
2333,16443532,,,
2334,16443536,,,
2335,16443544,,,
2336,16443548,,,
2337,16443747,,,
2338,16444327,KCs,excitatory,output
2339,16444544,LHNs,excitatory,output
2340,16444548,,,output
2341,16444552,CNs,mixed,output
2342,16444754,,,output
2343,16444758,pre-DN-SEZs,mixed,
2344,16445073,pre-DN-VNCs,mixed,output
2345,16445338,pre-DN-VNCs,mixed,output
2346,16448926,,,
2347,16448930,,,
2348,16448934,,,
2349,16448954,,,
2350,16448967,,,
2351,16448971,,,
2352,16448979,,,
2353,16448983,,,
2354,16450562,,,
2355,16457812,PNs,excitatory,output
2356,16463097,DN-SEZs,mixed,
2357,16464284,CNs,mixed,output
2358,16464614,,,
2359,16468935,pre-DN-VNCs,mixed,output
2360,16471397,,,
2361,16471422,pre-DN-VNCs,mixed,output
2362,16472086,PNs-somato,excitatory,output
2363,16474159,LHNs,excitatory,output
2364,16475849,MB-FBNs,inhibitory,output
2365,16484888,,,output
2366,16485079,LNs,inhibitory,output
2367,16485518,PNs-somato,excitatory,output
2368,16486385,LNs,inhibitory,output
2369,16490014,PNs-somato,excitatory,output
2370,16492104,MB-FFNs,inhibitory,output
2371,16494105,LHNs,excitatory,output
2372,16501652,,,output
2373,16515871,PNs,excitatory,output
2374,16520950,DN-VNCs,mixed,output
2375,16540741,pre-DN-VNCs,mixed,output
2376,16541149,PNs-somato,excitatory,output
2377,16544462,,,output
2378,16544485,,,output
2379,16544712,pre-DN-VNCs,mixed,output
2380,16545101,pre-DN-VNCs,mixed,output
2381,16545113,pre-DN-VNCs,mixed,output
2382,16545179,pre-DN-VNCs,mixed,output
2383,16545264,pre-DN-VNCs,mixed,output
2384,16547252,,,output
2385,16547268,pre-DN-SEZs,mixed,output
2386,16547281,pre-DN-VNCs,mixed,output
2387,16547287,pre-DN-VNCs,mixed,output
2388,16547292,pre-DN-VNCs,mixed,output
2389,16547297,pre-DN-VNCs,mixed,output
2390,16554856,,,output
2391,16560178,pre-DN-VNCs,mixed,output
2392,16561224,DN-SEZs,mixed,output
2393,16561284,PNs-somato,excitatory,output
2394,16561429,LNs,inhibitory,output
2395,16561660,DN-VNCs,mixed,output
2396,16562142,DN-VNCs,mixed,output
2397,16571210,DN-VNCs,mixed,output
2398,16574328,PNs-somato,excitatory,output
2399,16578252,pre-DN-VNCs,mixed,output
2400,16586265,DN-SEZs,mixed,output
2401,16588928,DN-SEZs,mixed,output
2402,16594509,MB-FBNs,inhibitory,output
2403,16594752,PNs-somato,excitatory,output
2404,16595001,pre-DN-VNCs,mixed,output
2405,16617920,pre-DN-VNCs,mixed,output
2406,16625432,KCs,excitatory,
2407,16627773,KCs,excitatory,output
2408,16627838,KCs,excitatory,output
2409,16627861,KCs,excitatory,output
2410,16627950,KCs,excitatory,output
2411,16628000,,,
2412,16629757,KCs,excitatory,output
2413,16629788,KCs,excitatory,output
2414,16629886,,,output
2415,16629931,KCs,excitatory,output
2416,16630024,KCs,excitatory,output
2417,16630264,KCs,excitatory,output
2418,16630385,KCs,excitatory,output
2419,16630479,,,output
2420,16630941,KCs,excitatory,output
2421,16631114,KCs,excitatory,output
2422,16631222,KCs,excitatory,output
2423,16631248,KCs,excitatory,output
2424,16635345,pre-DN-VNCs,mixed,output
2425,16636860,pre-DN-VNCs,mixed,output
2426,16637377,,,output
2427,16651566,pre-DN-VNCs,mixed,output
2428,16666673,pre-DN-VNCs,mixed,output
2429,16667306,DN-VNCs,mixed,output
2430,16667592,DN-VNCs,mixed,output
2431,16670540,DN-VNCs,mixed,
2432,16671014,pre-DN-VNCs,mixed,output
2433,16675987,DN-VNCs,mixed,output
2434,16676038,DN-SEZs,mixed,output
2435,16683883,RGNs,inhibitory,
2436,16683943,RGNs,inhibitory,
2437,16685117,pre-DN-VNCs,mixed,output
2438,16686371,,,output
2439,16690648,,,
2440,16691937,MB-FBNs,inhibitory,output
2441,16693923,pre-DN-VNCs,mixed,output
2442,16699958,MB-FBNs,inhibitory,output
2443,16709072,pre-DN-VNCs,mixed,output
2444,16713227,DN-SEZs,mixed,
2445,16713231,,,
2446,16714214,pre-DN-VNCs,mixed,output
2447,16720240,KCs,excitatory,output
2448,16735586,PNs,excitatory,output
2449,16742642,pre-DN-SEZs,mixed,output
2450,16753901,,,output
2451,16758011,,,output
2452,16782830,MBONs,excitatory,output
2453,16797672,MBONs,excitatory,output
2454,16799809,,,output
2455,16799939,CNs,mixed,output
2456,16823703,MB-FBNs,inhibitory,output
2457,16838915,,,output
2458,16841026,,,output
2459,16846805,MBONs,excitatory,output
2460,16846902,CNs,mixed,output
2461,16848475,MB-FBNs,inhibitory,output
2462,16848497,MB-FFNs,inhibitory,output
2463,16848587,pre-DN-VNCs,mixed,output
2464,16850888,KCs,excitatory,output
2465,16851496,DN-VNCs,mixed,output
2466,16851577,DN-VNCs,mixed,output
2467,16851718,pre-DN-VNCs,mixed,output
2468,16851791,pre-DN-VNCs,mixed,output
2469,16852421,pre-DN-VNCs,mixed,output
2470,16852589,pre-DN-SEZs,mixed,output
2471,16852622,DN-VNCs,mixed,output
2472,16856369,PNs-somato,excitatory,output
2473,16856539,MB-FBNs,inhibitory,output
2474,16856617,LNs,inhibitory,output
2475,16863538,pre-DN-VNCs,mixed,output
2476,16868923,MBONs,excitatory,output
2477,16883909,MBONs,excitatory,output
2478,16884085,,,output
2479,16884962,,,
2480,16886842,,,output
2481,16906721,PNs,excitatory,output
2482,16910799,pre-DN-VNCs,mixed,output
2483,16911458,,,input
2484,16913476,pre-DN-VNCs,mixed,output
2485,16924423,pre-DN-VNCs,mixed,output
2486,16928740,DN-VNCs,mixed,output
2487,16931001,pre-DN-VNCs,mixed,output
2488,16933362,MB-FFNs,inhibitory,output
2489,16934932,pre-DN-VNCs,mixed,output
2490,16935790,PNs-somato,excitatory,output
2491,16937395,pre-DN-VNCs,mixed,output
2492,16937799,pre-DN-VNCs,mixed,output
2493,16937815,CNs,mixed,output
2494,16939375,KCs,excitatory,output
2495,16939501,,,
2496,16945771,,,input
2497,16947349,pre-DN-VNCs,mixed,output
2498,16950097,pre-DN-VNCs,mixed,output
2499,16950115,pre-DN-VNCs,mixed,output
2500,16950121,PNs-somato,excitatory,output
2501,16950321,,,output
2502,16950354,DN-VNCs,mixed,output
2503,16950443,DN-VNCs,mixed,output
2504,16950550,DN-VNCs,mixed,output
2505,16950767,DN-VNCs,mixed,output
2506,16950798,DN-VNCs,mixed,output
2507,16952642,DN-VNCs,mixed,output
2508,16952648,DN-VNCs,mixed,output
2509,16952665,DN-VNCs,mixed,output
2510,16952671,DN-VNCs,mixed,output
2511,16952691,DN-VNCs,mixed,output
2512,16959698,,,output
2513,16961482,PNs-somato,excitatory,output
2514,16977881,KCs,excitatory,output
2515,16978882,MB-FFNs,inhibitory,output
2516,16985194,PNs-somato,excitatory,output
2517,16987409,MB-FBNs,inhibitory,output
2518,16992171,pre-DN-VNCs,mixed,output
2519,17000062,pre-DN-VNCs,mixed,output
2520,17012001,,,output
2521,17013073,MBONs,excitatory,output
2522,17013169,LHNs,excitatory,output
2523,17016974,MBONs,excitatory,output
2524,17019327,CNs,mixed,output
2525,17022668,DN-VNCs,mixed,output
2526,17025508,DN-VNCs,mixed,output
2527,17031293,PNs-somato,excitatory,output
2528,17036132,PNs,excitatory,output
2529,17036160,PNs,excitatory,output
2530,17038587,LHNs,excitatory,output
2531,17047087,LHNs,excitatory,output
2532,17053270,DN-VNCs,mixed,output
2533,17058350,,,output
2534,17062823,DN-SEZs,mixed,output
2535,17067625,pre-DN-VNCs,mixed,output
2536,17075832,DN-VNCs,mixed,output
2537,17083341,pre-DN-VNCs,mixed,output
2538,17086412,pre-DN-VNCs,mixed,output
2539,17087885,DN-SEZs,mixed,output
2540,17102002,DN-VNCs,mixed,output
2541,17105218,pre-DN-VNCs,mixed,output
2542,17105842,,,output
2543,17105977,PNs-somato,excitatory,output
2544,17107661,MB-FFNs,inhibitory,output
2545,17108278,PNs-somato,excitatory,output
2546,17109286,pre-DN-SEZs,mixed,output
2547,17110007,pre-DN-VNCs,mixed,output
2548,17110024,PNs-somato,excitatory,output
2549,17110189,PNs-somato,excitatory,output
2550,17123466,LHNs,excitatory,output
2551,17125520,LHNs,excitatory,output
2552,17132009,,,output
2553,17140424,CNs,mixed,output
2554,17147410,KCs,excitatory,output
2555,17147698,MBONs,excitatory,output
2556,17150791,MB-FBNs,inhibitory,output
2557,17165286,,,output
2558,17165429,,,
2559,17165621,PNs-somato,excitatory,output
2560,17165711,MB-FBNs,inhibitory,output
2561,17165755,DN-VNCs,mixed,output
2562,17166682,LHNs,excitatory,output
2563,17170215,,,output
2564,17173852,pre-DN-VNCs,mixed,output
2565,17173922,PNs-somato,excitatory,output
2566,17176767,LNs,inhibitory,output
2567,17176781,LNs,inhibitory,output
2568,17176808,MB-FFNs,inhibitory,output
2569,17176819,MB-FFNs,inhibitory,output
2570,17176866,PNs,excitatory,output
2571,17176882,PNs,excitatory,output
2572,17176911,CNs,mixed,output
2573,17176927,pre-DN-SEZs,mixed,output
2574,17177005,MB-FBNs,inhibitory,output
2575,17177103,MB-FFNs,inhibitory,output
2576,17177115,MB-FFNs,inhibitory,output
2577,17177419,pre-DN-VNCs,mixed,output
2578,17223643,,,output
2579,17223685,,,
2580,17224013,pre-DN-SEZs,mixed,output
2581,17237305,CNs,mixed,output
2582,17244655,LHNs,excitatory,output
2583,17247877,pre-DN-SEZs,mixed,output
2584,17276867,CNs,mixed,output
2585,17277623,PNs,excitatory,output
2586,17278502,,,output
2587,17280216,MB-FBNs,inhibitory,output
2588,17295912,MBINs,mixed,output
2589,17297936,pre-DN-VNCs,mixed,output
2590,17298108,,,output
2591,17300165,MB-FBNs,inhibitory,output
2592,17304269,,,
2593,17306107,,,output
2594,17315288,pre-DN-SEZs,mixed,output
2595,17321919,DN-SEZs,mixed,output
2596,17323054,pre-DN-VNCs,mixed,output
2597,17324637,,,output
2598,17324711,DN-SEZs,mixed,output
2599,17326213,,,output
2600,17326218,PNs-somato,excitatory,output
2601,17327188,,,output
2602,17328580,pre-DN-SEZs,mixed,output
2603,17328632,pre-DN-SEZs,mixed,output
2604,17330632,CNs,mixed,output
2605,17334530,,,output
2606,17335266,,,output
2607,17336347,PNs-somato,excitatory,output
2608,17340931,CNs,mixed,output
2609,17340955,,,output
2610,17340973,PNs-somato,excitatory,output
2611,17351780,DN-SEZs,mixed,output
2612,17352470,DN-SEZs,mixed,output
2613,17352824,pre-DN-VNCs,mixed,output
2614,17353986,DN-VNCs,mixed,output
2615,17354392,pre-DN-SEZs,mixed,output
2616,17354403,DN-VNCs,mixed,output
2617,17354414,pre-DN-VNCs,mixed,
2618,17355745,DN-SEZs,mixed,output
2619,17355757,MBONs,excitatory,output
2620,17355860,,,output
2621,17355864,pre-DN-VNCs,mixed,output
2622,17355872,DN-SEZs,mixed,output
2623,17355892,DN-SEZs,mixed,output
2624,17356024,pre-DN-VNCs,mixed,output
2625,17356442,pre-DN-VNCs,mixed,output
2626,17356450,DN-SEZs,mixed,output
2627,17356454,DN-SEZs,mixed,output
2628,17356467,,,
2629,17357979,pre-DN-VNCs,mixed,output
2630,17358864,DN-SEZs,mixed,output
2631,17358891,DN-VNCs,mixed,output
2632,17359101,DN-SEZs,mixed,output
2633,17359111,DN-SEZs,mixed,output
2634,17359133,DN-SEZs,mixed,output
2635,17359501,DN-VNCs,mixed,output
2636,17360010,pre-DN-VNCs,mixed,output
2637,17360014,,,output
2638,17360022,pre-DN-VNCs,mixed,output
2639,17360030,,,output
2640,17360034,,,
2641,17360038,pre-DN-VNCs,mixed,output
2642,17360042,,,output
2643,17360070,,,output
2644,17360076,pre-DN-VNCs,mixed,output
2645,17360225,pre-DN-VNCs,mixed,
2646,17360254,PNs-somato,excitatory,output
2647,17360262,LNs,inhibitory,output
2648,17360266,pre-DN-VNCs,mixed,output
2649,17360282,pre-DN-VNCs,mixed,output
2650,17360286,pre-DN-VNCs,mixed,output
2651,17360296,LNs,inhibitory,output
2652,17360404,pre-DN-VNCs,mixed,output
2653,17360593,LHNs,excitatory,output
2654,17361566,,,output
2655,17361757,LHNs,excitatory,output
2656,17362538,pre-DN-VNCs,mixed,output
2657,17373283,CNs,mixed,output
2658,17378455,,,
2659,17378475,,,output
2660,17378483,pre-DN-VNCs,mixed,output
2661,17378548,,,
2662,17378648,DN-VNCs,mixed,output
2663,17379283,,,
2664,17379298,DN-VNCs,mixed,output
2665,17379360,DN-SEZs,mixed,
2666,17379372,LHNs,excitatory,output
2667,17379420,DN-VNCs,mixed,output
2668,17380080,pre-DN-VNCs,mixed,output
2669,17380092,CNs,mixed,output
2670,17380309,pre-DN-VNCs,mixed,output
2671,17380319,pre-DN-VNCs,mixed,output
2672,17380345,DN-SEZs,mixed,output
2673,17380936,,,input
2674,17383431,pre-DN-VNCs,mixed,output
2675,17384874,pre-DN-SEZs,mixed,output
2676,17414715,LNs,inhibitory,output
2677,17415439,pre-DN-SEZs,mixed,output
2678,17420035,LHNs,excitatory,output
2679,17423125,DN-SEZs,mixed,output
2680,17423412,LHNs,excitatory,output
2681,17425996,PNs-somato,excitatory,output
2682,17430685,,,output
2683,17434825,LNs,inhibitory,output
2684,17435815,pre-DN-VNCs,mixed,output
2685,17437719,MB-FBNs,inhibitory,output
2686,17437725,LHNs,excitatory,output
2687,17438424,CNs,mixed,output
2688,17448356,pre-DN-VNCs,mixed,output
2689,17454636,pre-DN-VNCs,mixed,output
2690,17454963,,,
2691,17455871,pre-DN-VNCs,mixed,output
2692,17464168,,,output
2693,17466463,pre-DN-VNCs,mixed,output
2694,17468727,,,output
2695,17473163,DN-VNCs,mixed,output
2696,17476873,,,
2697,17476916,,,
2698,17476920,,,
2699,17476934,,,
2700,17476964,,,
2701,17476975,,,
2702,17484564,,,output
2703,17488886,,,
2704,17513284,,,output
2705,17519626,,,
2706,17525174,LNs,inhibitory,output
2707,17529547,DN-SEZs,mixed,output
2708,17535542,pre-DN-SEZs,mixed,output
2709,17537254,DN-VNCs,mixed,output
2710,17541953,PNs-somato,excitatory,output
2711,17543765,DN-VNCs,mixed,output
2712,17557290,CNs,mixed,output
2713,17574013,pre-DN-VNCs,mixed,output
2714,17587452,PNs,excitatory,output
2715,17587710,,,output
2716,17587726,DN-VNCs,mixed,output
2717,17587730,DN-VNCs,mixed,output
2718,17587734,DN-SEZs,mixed,output
2719,17588623,,,output
2720,17589475,DN-VNCs,mixed,output
2721,17591442,LNs,inhibitory,output
2722,17591687,LHNs,excitatory,output
2723,17608754,,,input
2724,17629213,,,output
2725,17639784,CNs,mixed,output
2726,17639824,,,
2727,17641913,LHNs,excitatory,output
2728,17647621,DN-VNCs,mixed,output
2729,17654514,DN-VNCs,mixed,output
2730,17654519,DN-SEZs,mixed,
2731,17654617,PNs,excitatory,output
2732,17654624,PNs-somato,excitatory,output
2733,17654634,LNs,inhibitory,output
2734,17654638,PNs-somato,excitatory,output
2735,17654645,pre-DN-VNCs,mixed,
2736,17654967,pre-DN-VNCs,mixed,output
2737,17654973,pre-DN-VNCs,mixed,output
2738,17654991,pre-DN-VNCs,mixed,output
2739,17655000,pre-DN-VNCs,mixed,output
2740,17656886,DN-VNCs,mixed,output
2741,17658602,pre-DN-VNCs,mixed,output
2742,17658672,pre-DN-VNCs,mixed,output
2743,17658884,pre-DN-VNCs,mixed,output
2744,17658907,,,output
2745,17658927,,,output
2746,17658943,,,output
2747,17658948,pre-DN-VNCs,mixed,output
2748,17658978,DN-VNCs,mixed,output
2749,17659014,DN-SEZs,mixed,output
2750,17659219,DN-SEZs,mixed,output
2751,17660233,pre-DN-VNCs,mixed,output
2752,17663944,pre-DN-VNCs,mixed,output
2753,17671219,LNs,inhibitory,output
2754,17671375,pre-DN-SEZs,mixed,output
2755,17696578,LHNs,excitatory,output
2756,17698681,DN-SEZs,mixed,output
2757,17728571,DN-SEZs,mixed,output
2758,17728605,DN-SEZs,mixed,output
2759,17728632,,,
2760,17728695,pre-DN-VNCs,mixed,output
2761,17728723,,,output
2762,17728730,,,output
2763,17728781,pre-DN-VNCs,mixed,output
2764,17728896,,,
2765,17728922,DN-SEZs,mixed,output
2766,17729020,PNs-somato,excitatory,output
2767,17729029,,,
2768,17729088,LHNs,excitatory,output
2769,17729110,LHNs,excitatory,output
2770,17729161,,,output
2771,17729167,,,output
2772,17729195,PNs-somato,excitatory,
2773,17729335,pre-DN-VNCs,mixed,output
2774,17729347,pre-DN-VNCs,mixed,output
2775,17729410,PNs-somato,excitatory,output
2776,17729418,,,
2777,17729424,PNs-somato,excitatory,output
2778,17729888,,,output
2779,17729973,pre-DN-VNCs,mixed,output
2780,17732031,pre-DN-VNCs,mixed,output
2781,17732071,,,output
2782,17732076,,,output
2783,17732085,LHNs,excitatory,output
2784,17732256,DN-VNCs,mixed,output
2785,17732270,DN-VNCs,mixed,output
2786,17732291,DN-SEZs,mixed,output
2787,17732311,DN-VNCs,mixed,output
2788,17732334,DN-VNCs,mixed,output
2789,17732346,DN-VNCs,mixed,output
2790,17732426,,,
2791,17732737,,,output
2792,17732791,DN-SEZs,mixed,output
2793,17736641,,,
2794,17736654,DN-VNCs,mixed,output
2795,17736748,DN-VNCs,mixed,output
2796,17736755,DN-VNCs,mixed,output
2797,17740547,DN-SEZs,mixed,output
2798,17743170,PNs,excitatory,output
2799,17746794,,,output
2800,17755491,pre-DN-VNCs,mixed,output
2801,17756162,pre-DN-SEZs,mixed,output
2802,17762417,pre-DN-SEZs,mixed,output
2803,17769815,,,output
2804,17776906,LNs,inhibitory,output
2805,17776982,DN-SEZs,mixed,output
2806,17777031,DN-VNCs,mixed,output
2807,17777259,LHNs,excitatory,output
2808,17777981,pre-DN-VNCs,mixed,output
2809,17784367,MB-FBNs,inhibitory,output
2810,17804729,pre-DN-VNCs,mixed,output
2811,17806341,LHNs,excitatory,output
2812,17809869,DN-SEZs,mixed,output
2813,17813001,pre-DN-SEZs,mixed,output
2814,17813006,CNs,mixed,output
2815,17813457,pre-DN-VNCs,mixed,output
2816,17813499,,,output
2817,17814107,DN-SEZs,mixed,output
2818,17819985,PNs,excitatory,output
2819,17822238,LNs,inhibitory,output
2820,17827011,pre-DN-VNCs,mixed,output
2821,17827115,,,output
2822,17844900,LNs,inhibitory,output
2823,17847543,MB-FFNs,inhibitory,output
2824,17850822,pre-DN-SEZs,mixed,output
2825,17854345,MB-FBNs,inhibitory,output
2826,17867309,pre-DN-SEZs,mixed,output
2827,17877682,DN-VNCs,mixed,output
2828,17884299,PNs,excitatory,output
2829,17896997,LHNs,excitatory,output
2830,17897230,pre-DN-VNCs,mixed,output
2831,17897298,,,output
2832,17913032,pre-DN-VNCs,mixed,output
2833,17913185,,,output
2834,17913199,PNs-somato,excitatory,output
2835,17927604,pre-DN-SEZs,mixed,output
2836,17933822,,,output
2837,17937123,,,output
2838,17937986,pre-DN-VNCs,mixed,output
2839,17937991,pre-DN-VNCs,mixed,output
2840,17941609,,,
2841,17942676,LHNs,excitatory,output
2842,17951049,DN-SEZs,mixed,output
2843,17951153,,,input
2844,17952967,LHNs,excitatory,output
2845,17962513,LHNs,excitatory,output
2846,17975547,pre-DN-VNCs,mixed,output
2847,17980698,,,output
2848,17980792,MB-FBNs,inhibitory,output
2849,17990556,pre-DN-SEZs,mixed,output
2850,18023286,pre-DN-VNCs,mixed,output
2851,18028397,MBONs,excitatory,output
2852,18035063,pre-DN-VNCs,mixed,output
2853,18035864,MB-FBNs,inhibitory,output
2854,18058644,PNs-somato,excitatory,output
2855,18058793,DN-VNCs,mixed,output
2856,18062678,LNs,inhibitory,output
2857,18076102,DN-VNCs,mixed,output
2858,18080008,pre-DN-VNCs,mixed,output
2859,18087179,PNs,excitatory,output
2860,18088813,pre-DN-VNCs,mixed,output
2861,18098174,MB-FFNs,inhibitory,output
2862,18099401,,,output
2863,18106257,PNs-somato,excitatory,output
2864,18111410,pre-DN-VNCs,mixed,output
2865,18123575,DN-VNCs,mixed,output
2866,18133444,pre-DN-VNCs,mixed,output
2867,18142558,LHNs,excitatory,output
2868,18149325,pre-DN-VNCs,mixed,output
2869,18163015,,,output
2870,18187865,,,output
2871,18220289,LHNs,excitatory,output
2872,18231999,,,input
2873,18232369,DN-SEZs,mixed,output
2874,18248435,,,output
2875,18264509,CNs,mixed,output
2876,18267838,pre-DN-VNCs,mixed,output
2877,18292832,LHNs,excitatory,output
2878,18302610,pre-DN-VNCs,mixed,output
2879,18302665,pre-DN-VNCs,mixed,output
2880,18302931,pre-DN-VNCs,mixed,output
2881,18305433,DN-VNCs,mixed,output
2882,18305476,DN-SEZs,mixed,output
2883,18341449,,,output
2884,18412747,PNs-somato,excitatory,output
2885,18425189,,,output
2886,18440675,DN-SEZs,mixed,output
2887,18458734,,,input
2888,18464581,DN-VNCs,mixed,output
2889,18485293,DN-VNCs,mixed,output
2890,18500915,CNs,mixed,output
2891,18500988,pre-DN-SEZs,mixed,output
2892,18501001,pre-DN-VNCs,mixed,output
2893,18527962,DN-VNCs,mixed,output
2894,18538744,pre-DN-VNCs,mixed,output
2895,18545747,pre-DN-VNCs,mixed,output
2896,18551732,pre-DN-VNCs,mixed,output
2897,18566361,pre-DN-VNCs,mixed,output
2898,18566501,LHNs,excitatory,output
2899,18568094,,,
2900,18570360,,,output
2901,18597845,,,output
2902,18598859,LNs,inhibitory,output
2903,18604097,DN-VNCs,mixed,output
2904,18620885,,,input
2905,18625446,,,input
2906,18630153,,,input
2907,18639459,pre-DN-VNCs,mixed,output
2908,18644088,pre-DN-SEZs,mixed,output
2909,18648531,CNs,mixed,output
2910,18655517,PNs-somato,excitatory,output
2911,18656202,PNs-somato,excitatory,output
2912,18679889,,,input
2913,18695745,DN-SEZs,mixed,output
2914,18720819,,,output
2915,18740553,PNs,excitatory,output
2916,18785124,,,input
2917,18833414,,,input
2918,18861011,,,output
2919,18909888,,,output
2920,18929470,DN-VNCs,mixed,output
2921,18934019,,,input
2922,19010160,DN-VNCs,mixed,output
2923,19017386,pre-DN-VNCs,mixed,output
2924,19017854,,,input
2925,19037563,,,input
2926,19045334,LHNs,excitatory,output
2927,19046339,pre-DN-VNCs,mixed,output
2928,19048289,pre-DN-VNCs,mixed,output
2929,19051631,,,output
2930,19051762,pre-DN-VNCs,mixed,output
2931,19054481,DN-SEZs,mixed,output
2932,19088042,CNs,mixed,output
2933,19090042,pre-DN-VNCs,mixed,output
2934,19091931,MB-FFNs,inhibitory,output
2935,19091995,pre-DN-VNCs,mixed,output
2936,19092010,pre-DN-VNCs,mixed,output
2937,19101351,PNs,excitatory,output
2938,19102929,PNs-somato,excitatory,output
2939,19120772,,,input
2940,19120853,,,input
2941,19132527,pre-DN-SEZs,mixed,output
2942,19143114,,,output
2943,19156025,pre-DN-VNCs,mixed,output
2944,19166349,pre-DN-VNCs,mixed,output
2945,19167389,pre-DN-VNCs,mixed,output
2946,19175973,,,output
2947,19180425,,,input
2948,19190681,DN-VNCs,mixed,output
2949,19268007,,,output
2950,19271710,LNs,inhibitory,output
2951,19276024,PNs,excitatory,output
2952,19298625,DN-VNCs,mixed,output
2953,19298644,DN-VNCs,mixed,output
2954,19361427,DN-VNCs,mixed,output
2955,19395500,,,output
2956,19470184,DN-SEZs,mixed,output
2957,19508873,DN-VNCs,mixed,output
2958,19611917,LHNs,excitatory,output
2959,19718010,,,input
2960,19785305,,,output
2961,19786464,CNs,mixed,output
2962,19835787,pre-DN-VNCs,mixed,output
2963,19857573,MB-FFNs,inhibitory,output
2964,19857577,pre-DN-VNCs,mixed,output
2965,19880680,,,output
2966,19880740,pre-DN-VNCs,mixed,output
2967,19881737,PNs-somato,excitatory,output
2968,19884188,,,output
2969,19919566,PNs-somato,excitatory,output
2970,19929273,,,output
2971,19950281,pre-DN-VNCs,mixed,output
2972,19989037,PNs-somato,excitatory,output
2973,20106468,,,output
2974,20139548,DN-SEZs,mixed,output
2975,20151537,pre-DN-VNCs,mixed,output
2976,20172310,LNs,inhibitory,output
2977,20242957,,,output
2978,20278329,PNs-somato,excitatory,output
2979,20316708,pre-DN-VNCs,mixed,
2980,20343986,PNs-somato,excitatory,output
2981,20344845,,,output
2982,20370716,,,output
2983,20379247,pre-DN-VNCs,mixed,output
2984,20421224,pre-DN-VNCs,mixed,output
2985,20443362,pre-DN-VNCs,mixed,output
2986,20443420,PNs-somato,excitatory,output
2987,20443457,PNs,excitatory,output
2988,20443501,pre-DN-VNCs,mixed,output
2989,20443505,,,output
2990,20443544,,,output
2991,20443571,pre-DN-VNCs,mixed,output
2992,20443598,PNs-somato,excitatory,output
2993,20479904,pre-DN-VNCs,mixed,output
2994,20479959,,,output
2995,20536322,pre-DN-SEZs,mixed,output
2996,20556072,DN-VNCs,mixed,output
2997,20730780,PNs-somato,excitatory,output
2998,20812872,,,output
2999,20911955,,,
3000,20911961,DN-VNCs,mixed,output
3001,20981306,,,output
3002,20981321,,,output
3003,20981350,,,output
3004,21133456,,,output
3005,21136945,PNs-somato,excitatory,output
3006,21220994,PNs-somato,excitatory,output
3007,21250110,,,input
3008,21300466,pre-DN-SEZs,mixed,output
3009,21590958,pre-DN-VNCs,mixed,
3010,21590962,,,output
3011,21590978,,,output
3012,21591033,pre-DN-VNCs,mixed,output
3013,21591037,pre-DN-VNCs,mixed,output
3014,21591317,,,
3015,21664445,LNs,inhibitory,output
